Transaction Date,Posting Date,Billing Amount,Merchant,Merchant City,Merchant State,Merchant Postcode,Reference Number,Debit or Credit,SICMCC Code,Status,Transaction Currency,Additional Card Holder,Card Used
2026-07-07,null,5.99,Prime Video add-on,LONDON,GBR,,078338,DBIT,,PENDING,GBP,false,5247
2026-07-05,2026-07-06,13.14,AMAZON UK* B86ZA52Q5,LONDON,GBR,EC2A 2FA,85383906186500029457026,DBIT,PR,BILLED,GBP,false,5247
2026-07-05,2026-07-06,19.56,AMAZON UK* KF9BL20E5,LONDON,GBR,EC2A 2FA,85383906186500029495240,DBIT,PR,BILLED,GBP,false,5247
2026-07-05,2026-07-06,1.93,AMAZON UK* 5A3M94H35,LONDON,GBR,EC2A 2FA,85383906186500029447092,DBIT,PR,BILLED,GBP,false,5247
2026-07-05,2026-07-06,8.99,AMAZON* O24ZA2HN5,LONDON,GBR,EC2A 2FA,85383906186500029632669,DBIT,PR,BILLED,GBP,false,5247
2026-07-05,2026-07-06,5.00,ALTERNALEAF,BERKSHIRE,GBR,RG41 5RB,85383906186500027547299,DBIT,PR,BILLED,GBP,false,5247
2026-07-02,2026-07-03,64.34,WWW.SOUTH-STAFFS-WATER,01922618176,GBR,WS2 7PD,55504436183295396325454,DBIT,PR,BILLED,GBP,false,5247
2026-07-01,2026-07-01,5000.00,MOBILE APP PAYMENT,,,,VMOFF6E6LMH7NVKBQXZ00,CRDT,PY,BILLED,GBP,false,5247
2026-06-22,2026-06-23,8.00,Caffe Nero UK App,London,GBR,WC2H 9QL,05184896173007698671561,DBIT,PR,BILLED,GBP,false,5247
2026-06-21,2026-06-23,7.50,MIPERMIT LTD,CHIPPENHAM,GBR,SN15 5FD,05272466174910014162575,DBIT,PR,BILLED,GBP,false,5247
2026-06-20,2026-06-21,41.48,AMZNMktplace*D68VH0DG5,LONDON,GBR,EC2A 2FA,52718716171206357108928,DBIT,PR,BILLED,GBP,false,5247
2026-06-19,2026-06-21,15.95,Starbucks 27630,Cambridge,GBR,CB2 3BJ,17979676170001082496076,DBIT,PR,BILLED,GBP,false,5247
2026-06-19,2026-06-21,200.00,LKS CLEANING LIMITED,ESSEX,GBR,CM13 1AB,85383906170500023475709,DBIT,PR,BILLED,GBP,false,5247
2026-06-19,2026-06-21,11.10,GRAND ARCADE CAR PARK,CAMBRIDGE,GBR,CB2 3QF,55504436170081142148571,DBIT,PR,BILLED,GBP,false,5247
2026-06-19,2026-06-21,16.98,AMAZON* 0H3DJ2G95,LONDON,GBR,EC2A 2FA,85383906171500004884175,DBIT,PR,BILLED,GBP,false,5247
2026-06-19,2026-06-21,23.46,AMAZON* 6O9AC5TV5,LONDON,GBR,EC2A 2FA,85383906171500004934012,DBIT,PR,BILLED,GBP,false,5247
2026-06-18,2026-06-19,96.88,AMAZON* UJ92J2UK5,LONDON,GBR,EC2A 2FA,85383906169500017856693,DBIT,PR,BILLED,GBP,false,5247
2026-06-18,2026-06-19,4.95,AMAZON UK* C37T689H5,LONDON,GBR,EC2A 2FA,85383906169500035841321,DBIT,PR,BILLED,GBP,false,5247
2026-06-18,2026-06-19,4.49,AMAZON UK* OP9VA0NU5,LONDON,GBR,EC2A 2FA,85383906169500043705336,DBIT,PR,BILLED,GBP,false,5247
2026-06-18,2026-06-19,11.68,AMAZON* NX88J1LR4,LONDON,GBR,EC2A 2FA,85383906170500007693939,DBIT,PR,BILLED,GBP,false,5247
2026-06-18,2026-06-19,36.46,DELIVEROO,LONDON,GBR,EC4R 3TE,85383906170500005889133,DBIT,PR,BILLED,GBP,false,5247
2026-06-17,2026-06-17,12.99,AMAZON* 9323Y9SK5,LONDON,GBR,EC2A 2FA,85383906168500009847743,DBIT,PR,BILLED,GBP,false,5247
2026-06-17,2026-06-17,500.00,MOBILE APP PAYMENT,,,,VMOFZI2IZ7GNSEOL7R700,CRDT,PY,BILLED,GBP,false,5247
2026-06-16,2026-06-17,5.50,SAINSBURYS S/MKTS,CAMBRIDGE CHE,GBR,CB1 7DY,85481476168844525935714,DBIT,PR,BILLED,GBP,false,5247
2026-06-16,2026-06-17,1.10,CARFLOW LIMITED (E),MAIDSTONE,GBR,RG24 8YB,55504436167083100482880,DBIT,PR,BILLED,GBP,false,5247
2026-06-16,2026-06-17,1.10,CARFLOW LIMITED (E),MAIDSTONE,GBR,RG24 8YB,55504436167083100482914,DBIT,PR,BILLED,GBP,false,5247
2026-06-16,2026-06-17,234.00,Montu,WOKINGHAM,GBR,RG41 5RB,82717086167623682452494,DBIT,PR,BILLED,GBP,false,5247
2026-06-16,2026-06-18,111.20,PERIFIT.CO,PARIS,FRA,75008,82644316168500022435363,CRDT,PR,BILLED,GBP,false,5247
2026-06-15,2026-06-16,14.00,NYX*BQ,Manchester,GBR,M23 9TT,72715056166743316875527,DBIT,PR,BILLED,GBP,false,5247
2026-06-15,2026-06-16,8.89,FLEET NORTH- TACO BELL,FLEET,GBR,GU51 1AA,05272466167910047795127,DBIT,PR,BILLED,GBP,false,5247
2026-06-15,2026-06-16,17.37,BURGER KING (KIOSK)-WE,HANTS,GBR,GU51 1AA,05272476167910048897137,DBIT,PR,BILLED,GBP,false,5247
2026-06-15,2026-06-16,30.00,FLOW NEUROSCIENCE,MALMO,SWE,211 40,82644316166500041621813,DBIT,PR,BILLED,GBP,false,5247
2026-06-14,2026-06-14,163.20,APPLE.COM/UK,LONDON,GBR,W1S 4HQ,52718776165203887722361,DBIT,PR,BILLED,GBP,false,5247
2026-06-14,2026-06-14,27.68,Just Eat,London,GBR,EC4M 7RF,17979676165000668740219,DBIT,PR,BILLED,GBP,false,5247
2026-06-14,2026-06-15,10.00,Nayax **WashTec UK Ltd,Dunmow,GBR,CM61XN,17979676165001309151071,DBIT,PR,BILLED,GBP,false,5247
2026-06-13,2026-06-14,14.80,WELCOME BREAK-BIRCHANG,BISHOPS STORT,GBR,CM23 5QZ,05272476165910094359828,DBIT,PR,BILLED,GBP,false,5247
2026-06-12,2026-06-14,5.99,Prime Video Rent / Buy,LONDON,GBR,EC2A 2FA,52718776163203206456818,DBIT,PR,BILLED,GBP,false,5247
2026-06-10,2026-06-11,2978.88,COSTCO TRAVEL UK,WATFORD,GBR,WD25 8JS,52718776161202502423250,DBIT,PR,BILLED,GBP,false,5247
2026-06-10,2026-06-11,3869.04,COSTCO TRAVEL UK,WATFORD,GBR,WD25 8JS,52718776161202502423326,DBIT,PR,BILLED,GBP,false,5247
2026-06-10,2026-06-11,180.00,ANTHROPIC* CLAUDE SUB,SAN FRANCISCO,USA,94104,87787536161500183980039,DBIT,PR,BILLED,GBP,false,5247
2026-06-09,2026-06-09,1000.00,MOBILE APP PAYMENT,,,,VMOF1HILONRS9VLXZQ900,CRDT,PY,BILLED,GBP,false,5247
2026-06-09,2026-06-10,71.97,AMAZON* NL4IB3XP4,LONDON,GBR,EC2A 2FA,85383906160500030877386,DBIT,PR,BILLED,GBP,false,5247
2026-06-09,2026-06-10,33.94,DELIVEROO,LONDON,GBR,EC4R 3TE,85383906160500022978804,DBIT,PR,BILLED,GBP,false,5247
2026-06-09,2026-06-10,32.22,DELIVEROO,LONDON,GBR,EC4R 3TE,85383906161500004040184,DBIT,PR,BILLED,GBP,false,5247
2026-06-07,2026-06-07,3500.00,MOBILE APP PAYMENT,,,,VMOFHOS29DPGH281CTU00,CRDT,PY,BILLED,GBP,false,5247
2026-06-07,2026-06-08,59.22,PAYMENT DD - THANK YOU,,,,,CRDT,PY,BILLED,GBP,false,5247
2026-06-07,2026-06-08,99.19,BKG*HOTEL AT BOOKING.C,(888)850-3958,GBR,EC3R 8AF,15122626159000917634224,DBIT,PR,BILLED,GBP,false,5247
2026-06-07,2026-06-08,44.99,AMAZON* NL80M2O14,LONDON,GBR,EC2A 2FA,85383906158500030471580,DBIT,PR,BILLED,GBP,false,5247
2026-06-06,2026-06-07,5.99,Prime Video*N31OT9IP4,LONDON,GBR,EC2A 2FA,52718776157201313450920,DBIT,PR,BILLED,GBP,false,5247
2026-06-05,2026-06-05,171.34,Klarna*fromourplace.,London,GBR,WC2B 6NH,05184896156002722806060,DBIT,PR,BILLED,GBP,false,5247
2026-06-05,2026-06-07,16.99,AMAZON UK* N31BP9DU4,LONDON,GBR,EC2A 2FA,85383906156500025458982,DBIT,PR,BILLED,GBP,false,5247
2026-06-05,2026-06-07,8.64,AMAZON UK* N35MQ0DV4,LONDON,GBR,EC2A 2FA,85383906156500025479210,DBIT,PR,BILLED,GBP,false,5247
2026-06-05,2026-06-07,7.96,AMAZON UK* N368E16Z4,LONDON,GBR,EC2A 2FA,85383906156500025889558,DBIT,PR,BILLED,GBP,false,5247
2026-06-05,2026-06-07,1.27,AMAZON UK* N37UF3DS4,LONDON,GBR,EC2A 2FA,85383906156500025679314,DBIT,PR,BILLED,GBP,false,5247
2026-06-05,2026-06-07,2.84,AMAZON UK* N398E5694,LONDON,GBR,EC2A 2FA,85383906156500025548840,DBIT,PR,BILLED,GBP,false,5247
2026-06-05,2026-06-07,8.49,AMAZON* N37MX1DQ4,LONDON,GBR,EC2A 2FA,85383906156500026048733,DBIT,PR,BILLED,GBP,false,5247
2026-06-05,2026-06-07,5.00,ALTERNALEAF,BERKSHIRE,GBR,RG41 5RB,85383906156500023461335,DBIT,PR,BILLED,GBP,false,5247
2026-06-04,2026-06-05,125.65,VIRGIN MEDIA PYMTS,READING,GBR,RG2 6UU,85481476156841365892876,DBIT,PR,BILLED,GBP,false,5247
2026-06-02,2026-06-03,69.63,WWW.SOUTH-STAFFS-WATER,01922618176,GBR,WS2 7PD,55504436153295378247979,DBIT,PR,BILLED,GBP,false,5247
2026-05-31,2026-06-01,187.37,Kiwi.com,BRNO,CZE,61500,02700926151001272143256,DBIT,PR,BILLED,GBP,false,5247
2026-05-29,2026-05-31,6.68,WH Smith Stansted,Stansted,GBR,CM24 1RW,75292926150264046222878,DBIT,PR,BILLED,GBP,false,5247
2026-05-29,2026-05-31,3.00,STAGECOACH SERVICES,STOCKPORT,GBR,SK1 3SW,85481476150839786407098,DBIT,PR,BILLED,GBP,false,5247
2026-05-28,2026-05-29,7.50,AMAZON UK* NQ5M05P44,LONDON,GBR,EC2A 2FA,85383906148500036735668,DBIT,PR,BILLED,GBP,false,5247
2026-05-28,2026-05-29,28.19,AMAZON* NQ0U59PK4,LONDON,GBR,EC2A 2FA,85383906148500036944344,DBIT,PR,BILLED,GBP,false,5247
2026-05-28,2026-05-29,8.99,AMAZON* NQ1O97004,LONDON,GBR,EC2A 2FA,85383906148500027214798,DBIT,PR,BILLED,GBP,false,5247
2026-05-28,2026-05-29,3.99,Polaris Pharmacy,Cambridge,GBR,CB1 8RE,17979676148001315417088,DBIT,PR,BILLED,GBP,false,5247
2026-05-28,2026-05-29,27.40,CO OP GROUP FOOD,CAMBRIDGE,GBR,CB1 3RU,85481476149839432968091,DBIT,PR,BILLED,GBP,false,5247
2026-05-28,2026-05-29,5.30,QUEEN ANNE TERRACE CAR,CAMBRIDGE,GBR,CB1 1ND,55504436148081184976599,DBIT,PR,BILLED,GBP,false,5247
2026-05-27,2026-05-28,2.60,QUEEN ANNE TERRACE CAR,CAMBRIDGE,GBR,CB1 1ND,55504436147081171931103,DBIT,PR,BILLED,GBP,false,5247
2026-05-27,2026-05-28,14.59,TRAINLINE,LONDON,GBR,EC1N 2TD,05272466148910082987377,DBIT,PR,BILLED,GBP,false,5247
2026-05-27,2026-05-28,29.39,AMAZON UK* NQ0Z55TM4,LONDON,GBR,EC2A 2FA,85383906148500001896248,DBIT,PR,BILLED,GBP,false,5247
2026-05-27,2026-05-28,39.87,AMAZON* NQ76S9TJ4,LONDON,GBR,EC2A 2FA,85383906148500001986049,DBIT,PR,BILLED,GBP,false,5247
2026-05-27,2026-05-29,16.91,AMAZON UK* NA9JE9PK4,LONDON,GBR,EC2A 2FA,85383906148500019260551,CRDT,PR,BILLED,GBP,false,5247
2026-05-26,2026-05-26,0.99,APPLE.COM/BILL,CORK,IRL,UNKNOWN,55204726146206956234708,DBIT,PR,BILLED,GBP,false,5247
2026-05-24,2026-05-25,7.15,TESCO STORES 2229,CHERRY HINTON,GBR,CB1 9HU,05272476145910034144624,DBIT,PR,BILLED,GBP,false,5247
2026-05-23,2026-05-24,111.20,PERIFIT.CO,PARIS,FRA,75008,82644316143500029963409,DBIT,PR,BILLED,GBP,false,5247
2026-05-21,2026-05-22,2.00,UBER *TRIP,LONDON,GBR,E1 8FA,15122626142000089530929,DBIT,PR,BILLED,GBP,false,5247
2026-05-21,2026-05-22,11.95,UBR* PENDING.UBER.COM,LONDON,GBR,E1 8FA,15122626142000089100277,DBIT,PR,BILLED,GBP,false,5247
2026-05-21,2026-05-22,10.95,UBR* PENDING.UBER.COM,LONDON,GBR,E1 8FA,15122626142000094769371,DBIT,PR,BILLED,GBP,false,5247
2026-05-21,2026-05-22,24.89,SAINSBURY'S S/MKTS,CAMBRIDGE-S,GBR,CB1 2JB,85481476142837409236895,DBIT,PR,BILLED,GBP,false,5247
2026-05-21,2026-05-22,7.60,TRAINLINE,LONDON,GBR,EC1N 2TD,05272466142910077685214,DBIT,PR,BILLED,GBP,false,5247
2026-05-20,2026-05-21,53.29,TRAINLINE,LONDON,GBR,EC1N 2TD,05272466141910071664315,DBIT,PR,BILLED,GBP,false,5247
2026-05-20,2026-05-21,10.00,STN AIRPORT TARIFF,UXBRIDGE,GBR,UB8 2XW,05272476141910086609700,DBIT,PR,BILLED,GBP,false,5247
2026-05-20,2026-05-25,81.96,DOLPHINFITNESS.CO,SHOREHAM-BY-S,GBR,BN43 6PB,85481476145838266147065,DBIT,PR,BILLED,GBP,false,5247
2026-05-19,2026-05-20,6.20,CO OP GROUP FOOD,CAMBRIDGE,GBR,CB1 3RU,85481476140836932857815,DBIT,PR,BILLED,GBP,false,5247
2026-05-19,2026-05-20,6.99,AMAZON* NA01V5RJ4,LONDON,GBR,EC2A 2FA,85383906140500004357154,DBIT,PR,BILLED,GBP,false,5247
2026-05-18,2026-05-19,10.00,STN AIRPORT TARIFF,UXBRIDGE,GBR,UB8 2XW,05272476139910078632763,DBIT,PR,BILLED,GBP,false,5247
2026-05-18,2026-05-18,0.34,NON-STERLING TRANS FEE,,,,55432866137203881815130,DBIT,FE,BILLED,GBP,false,5247
2026-05-17,2026-05-18,11.26,AMAZON PRIME*306567NH3,SEATTLE,USA,98109,55432866137203881815130,DBIT,PR,BILLED,GBP,false,5247
2026-05-17,2026-05-18,14.00,DVLA DRIVING LICENCE W,SWANSEA,GBR,SA6 7JL,85481476138836425299545,DBIT,PR,BILLED,GBP,false,5247
2026-05-17,2026-05-18,2.66,AMAZON UK* NA7821H14,LONDON,GBR,EC2A 2FA,85383906138500005566229,DBIT,PR,BILLED,GBP,false,5247
2026-05-17,2026-05-18,28.00,Timpson Keys,0800 001 4016,GBR,M23 9TT,85481476138836513650559,DBIT,PR,BILLED,GBP,false,5247
2026-05-16,2026-05-17,16.91,AMAZON UK* NA9JE9PK4,LONDON,GBR,EC2A 2FA,85383906136500031834171,DBIT,PR,BILLED,GBP,false,5247
2026-05-15,2026-05-17,7.10,AMAZON* NA2B17N84,LONDON,GBR,EC2A 2FA,85383906135500031937702,DBIT,PR,BILLED,GBP,false,5247
2026-05-15,2026-05-17,51.50,DELIVEROO,LONDON,GBR,EC4R 3TE,85383906136500003254978,DBIT,PR,BILLED,GBP,false,5247
2026-05-14,2026-05-15,76.65,TESCO STORES 2555,FULBOURN,GBR,CB1 9BF,05272476135910026007237,DBIT,PR,BILLED,GBP,false,5247
2026-05-14,2026-05-15,3.95,Timpson Ltd 5077,CAMBRIDGE,GBR,CB1 9BF,85481476135835672282306,DBIT,PR,BILLED,GBP,false,5247
2026-05-13,2026-05-13,1.74,NON-STERLING TRANS FEE,,,,82305096133500007469452,DBIT,FE,BILLED,GBP,false,5247
2026-05-13,2026-05-14,2.60,QUEEN ANNE TERRACE CAR,CAMBRIDGE,GBR,CB1 1ND,55504436133081115011026,DBIT,PR,BILLED,GBP,false,5247
2026-05-12,2026-05-13,58.26,JUMPSPEAK,WILMINGTON,USA,19808,82305096133500007469452,DBIT,PR,BILLED,GBP,false,5247
2026-05-11,2026-05-12,9.68,Caffe Nero UK App,London,GBR,WC2H 9QL,05184896131236839140068,DBIT,PR,BILLED,GBP,false,5247
2026-05-11,2026-05-12,16.14,AMAZON UK* NH32T9MB4,LONDON,GBR,EC2A 2FA,85383906131500020644883,DBIT,PR,BILLED,GBP,false,5247
2026-05-11,2026-05-12,7.65,AMAZON UK* NH4IN0MP4,LONDON,GBR,EC2A 2FA,85383906131500020664220,DBIT,PR,BILLED,GBP,false,5247
2026-05-11,2026-05-12,8.62,AMAZON UK* NH4RR2HA4,LONDON,GBR,EC2A 2FA,85383906131500029424352,DBIT,PR,BILLED,GBP,false,5247
2026-05-11,2026-05-12,2.34,AMAZON UK* NH48M1MF4,LONDON,GBR,EC2A 2FA,85383906131500020953383,DBIT,PR,BILLED,GBP,false,5247
2026-05-11,2026-05-12,3.16,AMAZON UK* NH78W3M44,LONDON,GBR,EC2A 2FA,85383906131500020923477,DBIT,PR,BILLED,GBP,false,5247
2026-05-11,2026-05-12,23.73,AMAZON UK* NH8KZ5MI4,LONDON,GBR,EC2A 2FA,85383906131500020763576,DBIT,PR,BILLED,GBP,false,5247
2026-05-11,2026-05-12,12.80,AMAZON UK* NH9KS5M34,LONDON,GBR,EC2A 2FA,85383906131500021191082,DBIT,PR,BILLED,GBP,false,5247
2026-05-11,2026-05-12,7.62,AMAZON UK* NH9KZ1MG4,LONDON,GBR,EC2A 2FA,85383906131500020843402,DBIT,PR,BILLED,GBP,false,5247
2026-05-11,2026-05-12,58.65,AMAZON* NH3I67M54,LONDON,GBR,EC2A 2FA,85383906131500020933625,DBIT,PR,BILLED,GBP,false,5247
2026-05-11,2026-05-12,18.34,AMAZON* NH68X2MY4,LONDON,GBR,EC2A 2FA,85383906131500020733751,DBIT,PR,BILLED,GBP,false,5247
2026-05-11,2026-05-12,8.49,AMAZON* NH7Q19M34,LONDON,GBR,EC2A 2FA,85383906131500020973365,DBIT,PR,BILLED,GBP,false,5247
2026-05-11,2026-05-12,11.00,ALLEYCAT CAR & VAN REN,SAWBRIDGEWORT,GBR,CM21 0LX,55203346132160010133485,DBIT,PR,BILLED,GBP,false,5247
2026-05-11,2026-05-12,3.10,CAMBRIDGESHIRE COUNTY,PARKING,GBR,RG24 8YB,55504436131083189082208,DBIT,PR,BILLED,GBP,false,5247
2026-05-10,2026-05-11,201.19,PAYMENT DD - THANK YOU,,,,,CRDT,PY,BILLED,GBP,false,5247
2026-05-10,2026-05-11,19.74,CLAUDE.AI SUBSCRIPTION,SAN FRANCISCO,USA,94104,87787536130500194750015,DBIT,PR,BILLED,GBP,false,5247
2026-05-10,2026-05-11,80.00,WWW.CCSCOLLECT.CO.UK,NORFOLK HOUSE,GBR,CR0 1GR,55203346131208010006523,DBIT,PR,BILLED,GBP,false,5247
2026-05-10,2026-05-11,30.70,SHELL BIRCHANGER,BIRCHANGER,GBR,CM235QZ,85481476131834494837896,DBIT,PR,BILLED,GBP,false,5247
2026-05-10,2026-05-12,35.00,DORSET COUNCIL CARD PA,DORCHESTER,GBR,DT1 1XJ,05272476132910009973390,DBIT,PR,BILLED,GBP,false,5247
2026-05-09,2026-05-10,66.99,The Cove House Inn,Portland,GBR,DT5 1AW,19130796129007188425372,DBIT,PR,BILLED,GBP,false,5247
2026-05-09,2026-05-10,10.00,ALLEYCAT CAR & VAN REN,SAWBRIDGEWORT,GBR,CM21 0LX,55203346130160010075985,DBIT,PR,BILLED,GBP,false,5247
2026-05-09,2026-05-10,3.30,CO-OP GROUP 160079,Fortuneswell,GBR,DT51LY,85481476130834214096634,DBIT,PR,BILLED,GBP,false,5247
2026-05-09,2026-05-10,5.99,AMAZON* NH9OV3AT4,LONDON,GBR,EC2A 2FA,85383906130500003201785,DBIT,PR,BILLED,GBP,false,5247
2026-05-09,2026-05-11,143.70,WINCHESTER SOUTH CONNE,WINCHESTER,GBR,SO211PP,55184226130611301753067,DBIT,PR,BILLED,GBP,false,5247
2026-05-08,2026-05-10,0.60,NYX*CambridgeLibraries,Huntingdon,GBR,PE28 4YE,72715056128718046637923,DBIT,PR,BILLED,GBP,false,5247
2026-05-08,2026-05-10,7.40,GRAND ARCADE CAR PARK,CAMBRIDGE,GBR,CB2 3QF,55504436128081160043509,DBIT,PR,BILLED,GBP,false,5247
2026-05-08,2026-05-10,26.66,BOOTS,CAMBRIDGE,CAMBRIDGE,GBR,CB2 3DA,05272466129910030616402,DBIT,PR,BILLED,GBP,false,5247
2026-05-08,2026-05-10,14.44,AMAZON UK* NH7272ZD4,LONDON,GBR,EC2A 2FA,85383906129500002977859,DBIT,PR,BILLED,GBP,false,5247
2026-05-07,2026-05-08,9.98,AMAZON* N634N2WY4,LONDON,GBR,EC2A 2FA,85383906127500035811366,DBIT,PR,BILLED,GBP,false,5247
2026-05-07,2026-05-08,11.85,Timpson Ltd 5077,CAMBRIDGE,GBR,CB1 9BF,85481476128833710706237,DBIT,PR,BILLED,GBP,false,5247
2026-05-06,2026-05-07,4.25,POST OFFICE COUNTER,CAMBRIDGE,GBR,CB2 8PB,55504436126243125441333,DBIT,PR,BILLED,GBP,false,5247
2026-05-06,2026-05-07,171.33,Klarna*fromourplace.,London,GBR,WC2B 6NH,05184896126234351420296,DBIT,PR,BILLED,GBP,false,5247
2026-05-06,2026-05-07,45.98,AMAZON* N68I742J4,LONDON,GBR,EC2A 2FA,85383906126500027962327,DBIT,PR,BILLED,GBP,false,5247
2026-05-06,2026-05-07,25.89,SAINSBURYS S/MKTS,CAMBRIDGE CHE,GBR,CB1 7DY,85481476127833259071283,DBIT,PR,BILLED,GBP,false,5247
2026-05-06,2026-05-07,268.39,WWW.SOUTH-STAFFS-WATER,01922618176,GBR,WS2 7PD,55504436126295367486459,DBIT,PR,BILLED,GBP,false,5247
2026-05-06,2026-05-07,1.10,CARFLOW LIMITED (E),MAIDSTONE,GBR,RG24 8YB,55504436126083130991702,DBIT,PR,BILLED,GBP,false,5247
2026-05-06,2026-05-07,5.99,Prime Video*N693P3754,LONDON,GBR,EC2A 2FA,52718776126200107658720,DBIT,PR,BILLED,GBP,false,5247
2026-05-06,2026-05-08,96.69,Ryanair D 0000000YTCLKY0,www.ryanair.c,GBR,K67 NY94,85207496127618935467281,DBIT,PR,BILLED,GBP,false,5247
2026-05-06,2026-05-08,22.97,Ryanair D 0000000Y4G19D0,www.ryanair.c,GBR,K67 NY94,85207496127618935347004,DBIT,PR,BILLED,GBP,false,5247
2026-05-05,2026-05-06,51.44,AMAZON* N67G91MG4,LONDON,GBR,EC2A 2FA,85383906125500017942082,DBIT,PR,BILLED,GBP,false,5247
2026-05-05,2026-05-06,5.00,ALTERNALEAF,BERKSHIRE,GBR,RG41 5RB,85383906125500040633211,DBIT,PR,BILLED,GBP,false,5247
2026-05-05,2026-05-06,23.00,The Kimono Nail Studi,Cambridge,GBR,CB2 1EG,29130796125007057159485,DBIT,PR,BILLED,GBP,false,5247
2026-05-05,2026-05-06,1.90,CAMBRIDGESHIRE COUNTY,PARKING,GBR,RG24 8YB,55504436125083120113862,DBIT,PR,BILLED,GBP,false,5247
2026-05-04,2026-05-04,1.90,NON-STERLING TRANS FEE,,,,81949226123500202830002,DBIT,FE,BILLED,GBP,false,5247
2026-05-04,2026-05-05,10.00,STN AIRPORT TARIFF,UXBRIDGE,GBR,UB8 2XW,05272476125910067461071,DBIT,PR,BILLED,GBP,false,5247
2026-05-03,2026-05-04,35.00,SQ *THE QUEEN EDITH PU,Cambridge,GBR,CB1 8QN,02708966123352612686675,DBIT,PR,BILLED,GBP,false,5247
2026-05-03,2026-05-04,63.57,1PASSWORD,TORONTO,CAN,M2N6K8,81949226123500202830002,DBIT,PR,BILLED,GBP,false,5247
2026-05-02,2026-05-03,62.55,AMAZON* N64XH2484,LONDON,GBR,EC2A 2FA,85383906122500028668414,DBIT,PR,BILLED,GBP,false,5247
2026-05-02,2026-05-03,1.17,DAVID LLOYD,CAMBRIDGE,GBR,CB1 3LH,85481476123832176041977,DBIT,PR,BILLED,GBP,false,5247
2026-05-02,2026-05-04,177.01,Costco Wholesale #129,STEVENAGE,GBR,SG1 2EH,85207496123617798800020,DBIT,PR,BILLED,GBP,false,5247
2026-04-30,2026-04-30,725.31,MOBILE APP PAYMENT,,,,VMOFMMRNC89D8B8B92400,CRDT,PY,BILLED,GBP,false,5247
2026-04-30,2026-04-30,160.00,MOBILE APP PAYMENT,,,,VMOFUNSKJ5YPIH18C5X00,CRDT,PY,BILLED,GBP,false,5247
2026-04-30,2026-05-01,5.30,QUEEN ANNE TERRACE CAR,CAMBRIDGE,GBR,CB1 1ND,55504436120081166554168,DBIT,PR,BILLED,GBP,false,5247
2026-04-30,2026-05-01,9.95,AMAZON* NN2M15UR4,LONDON,GBR,EC2A 2FA,85383906121500007563009,DBIT,PR,BILLED,GBP,false,5247
2026-04-30,2026-05-01,99.95,AMAZON* NN7LY4UC4,LONDON,GBR,EC2A 2FA,85383906121500007612962,DBIT,PR,BILLED,GBP,false,5247
2026-04-28,2026-04-29,3.90,ROYAL MAIL GROUP LIMIT,LONDON,GBR,EC1A 1AA,15122626119000104401196,DBIT,PR,BILLED,GBP,false,5247
2026-04-28,2026-04-29,7.90,Timpson Ltd 5077,CAMBRIDGE,GBR,CB1 9BF,85481476119831021738213,DBIT,PR,BILLED,GBP,false,5247
2026-04-27,2026-04-28,5.06,Caffe Nero UK App,London,GBR,WC2H 9QL,05184896117229519605490,DBIT,PR,BILLED,GBP,false,5247
2026-04-27,2026-04-30,318.70,AC HOTEL SOM FOH,BARCELONA,ESP,8908,55184226119571201980423,DBIT,PR,BILLED,GBP,false,5247
2026-04-26,2026-04-27,12.53,AMAZON* NN8NT84Q4,LONDON,GBR,EC2A 2FA,85383906116500020432924,DBIT,PR,BILLED,GBP,false,5247
2026-04-23,2026-04-24,36.77,AMAZON* NZ50S7874,LONDON,GBR,EC2A 2FA,85383906113500020763834,DBIT,PR,BILLED,GBP,false,5247
2026-04-22,2026-04-23,26.81,AMAZON* NZ4DE1V34,LONDON,GBR,EC2A 2FA,85383906112500022230155,DBIT,PR,BILLED,GBP,false,5247
2026-04-22,2026-04-23,32.60,TESCO STORES 2229,CHERRY HINTON,GBR,CB1 9HU,05272476113910019586888,DBIT,PR,BILLED,GBP,false,5247
2026-04-22,2026-04-23,3.95,Timpson Ltd 5077,CAMBRIDGE,GBR,CB1 9BF,85481476113829224295466,DBIT,PR,BILLED,GBP,false,5247
2026-04-21,2026-04-21,160.00,MONEY TRANSFER FEE,,,,0928932004064642875480F,DBIT,FE,BILLED,GBP,false,5247
2026-04-20,2026-04-21,4000.00,MONEY TRANSFER 04261600,,,,0928932004064642875480F,DBIT,CA,BILLED,GBP,false,5247
2026-04-20,2026-04-21,62.55,AMAZON* NZ1U70NT4,LONDON,GBR,EC2A 2FA,85383906110500027468893,DBIT,PR,BILLED,GBP,false,5247
2026-04-20,2026-04-21,10.00,STN AIRPORT TARIFF,UXBRIDGE,GBR,UB8 2XW,05272476111910065452110,DBIT,PR,BILLED,GBP,false,5247
2026-04-20,2026-04-21,3.49,AMAZON* NZ1WU5J14,LONDON,GBR,EC2A 2FA,85383906110500039054855,DBIT,PR,BILLED,GBP,false,5247
2026-04-19,2026-04-19,8448.71,PAYMENT RECEIVED,,,,VMOF36312UG3F26RDI400,CRDT,PY,BILLED,GBP,false,5247
2026-04-19,2026-04-19,160.00,ANNUAL FEE,,,,,DBIT,FE,BILLED,GBP,false,5247
2026-04-19,2026-04-19,41.19,INTEREST CHARGED,,,,,DBIT,PR,BILLED,GBP,false,5247
2026-04-18,2026-04-19,125.00,BROWNS CAMBRIDGE,CAMBRIDGE,GBR,CB21QA,85481476109828060024267,DBIT,PR,BILLED,GBP,false,5247
2026-04-18,2026-04-19,6.70,CAMBRIDGESHIRE COUNTY,PARKING,GBR,RG24 8YB,55504436108083125605822,DBIT,PR,BILLED,GBP,false,5247
2026-04-16,2026-04-17,95.00,SQ *PROKIL LTD,Bournemouth,GBR,BH88AY,02708966106352414616038,DBIT,PR,BILLED,GBP,false,5247
2026-04-16,2026-04-17,20.00,LKS CLEANING LIMITED,ESSEX,GBR,CM13 1AB,85383906106500020049142,DBIT,PR,BILLED,GBP,false,5247
2026-04-16,2026-04-17,5.26,AMAZON* NW04E58O4,LONDON,GBR,EC2A 2FA,85383906106500036289716,DBIT,PR,BILLED,GBP,false,5247
2026-04-16,2026-04-17,9.39,AMAZON* NW8GP9QD4,LONDON,GBR,EC2A 2FA,85383906106500040916346,DBIT,PR,BILLED,GBP,false,5247
2026-04-15,2026-04-16,234.00,Montu,WOKINGHAM,GBR,RG41 5RB,82717086105614016805486,DBIT,PR,BILLED,GBP,false,5247
2026-04-14,2026-04-15,28.00,The Kimono Nail Studi,Cambridge,GBR,CB2 1EG,29130796104006758554569,DBIT,PR,BILLED,GBP,false,5247
2026-04-14,2026-04-15,5.25,CO OP GROUP FOOD,CAMBRIDGE,GBR,CB1 3RU,85481476105826831514081,DBIT,PR,BILLED,GBP,false,5247
2026-04-14,2026-04-15,5.30,QUEEN ANNE TERRACE CAR,CAMBRIDGE,GBR,CB1 1ND,55504436104081178318529,DBIT,PR,BILLED,GBP,false,5247
2026-04-14,2026-04-15,7356.00,2NAA058644087 TD E-PMT,LIVERPOOL,GBR,L3 9PP,05272466105910064845024,DBIT,PR,BILLED,GBP,false,5247
2026-04-14,2026-04-15,11.00,AMAZON UK* NW2FY8EE4,LONDON,GBR,EC2A 2FA,85383906104500034946921,DBIT,PR,BILLED,GBP,false,5247
2026-04-14,2026-04-15,9.25,AMAZON* NW4FR8EH4,LONDON,GBR,EC2A 2FA,85383906104500034986950,DBIT,PR,BILLED,GBP,false,5247
2026-04-13,2026-04-14,25.96,AMAZON* NW1KR0LC4,LONDON,GBR,EC2A 2FA,85383906103500035297424,DBIT,PR,BILLED,GBP,false,5247
2026-04-13,2026-04-14,2.60,QUEEN ANNE TERRACE CAR,CAMBRIDGE,GBR,CB1 1ND,55504436103081165870434,DBIT,PR,BILLED,GBP,false,5247
2026-04-12,2026-04-13,12.75,AMAZON UK* NI3562WD4,LONDON,GBR,EC2A 2FA,85383906102500021049657,DBIT,PR,BILLED,GBP,false,5247
2026-04-12,2026-04-13,11.04,AMAZON UK* NI90Y7RA4,LONDON,GBR,EC2A 2FA,85383906102500019713819,DBIT,PR,BILLED,GBP,false,5247
2026-04-12,2026-04-13,1.13,AMAZON UK* NI9472R04,LONDON,GBR,EC2A 2FA,85383906102500021129699,DBIT,PR,BILLED,GBP,false,5247
2026-04-12,2026-04-13,18.34,AMAZON* NI1454RU4,LONDON,GBR,EC2A 2FA,85383906102500021342441,DBIT,PR,BILLED,GBP,false,5247
2026-04-12,2026-04-13,8.97,AMAZON* NI34W1RX4,LONDON,GBR,EC2A 2FA,85383906102500021089646,DBIT,PR,BILLED,GBP,false,5247
2026-04-12,2026-04-13,11.69,AMAZON* NI4458RB4,LONDON,GBR,EC2A 2FA,85383906102500021371143,DBIT,PR,BILLED,GBP,false,5247
2026-04-12,2026-04-13,8.97,AMAZON* NI6454RU4,LONDON,GBR,EC2A 2FA,85383906102500021430881,DBIT,PR,BILLED,GBP,false,5247
2026-04-12,2026-04-13,351.65,Costco Wholesale #129,STEVENAGE,GBR,SG1 2EH,85207496102614209323192,DBIT,PR,BILLED,GBP,false,5247
2026-04-12,2026-04-14,3.36,GRIDSERVE UK OMM LTD,IVER,GBR,SL0 9AQ,55184226103571034402635,DBIT,PR,BILLED,GBP,false,5247
2026-04-11,2026-04-12,8.03,AMAZON UK* NI2ZY99D4,LONDON,GBR,EC2A 2FA,85383906101500029455980,DBIT,PR,BILLED,GBP,false,5247
2026-04-11,2026-04-12,3.57,AMAZON UK* NI29P29A4,LONDON,GBR,EC2A 2FA,85383906101500029661033,DBIT,PR,BILLED,GBP,false,5247
2026-04-11,2026-04-12,21.25,AMAZON UK* NI39059E4,LONDON,GBR,EC2A 2FA,85383906101500029630863,DBIT,PR,BILLED,GBP,false,5247
2026-04-11,2026-04-12,7.65,AMAZON UK* NI9HI67N4,LONDON,GBR,EC2A 2FA,85383906101500029329664,DBIT,PR,BILLED,GBP,false,5247
2026-04-11,2026-04-12,12.35,AMAZON UK* NI9VP0704,LONDON,GBR,EC2A 2FA,85383906101500029631192,DBIT,PR,BILLED,GBP,false,5247
2026-04-11,2026-04-12,7.62,AMAZON UK* NI95W99H4,LONDON,GBR,EC2A 2FA,85383906101500029581918,DBIT,PR,BILLED,GBP,false,5247
2026-04-11,2026-04-12,12.71,AMAZON* NI2HI17G4,LONDON,GBR,EC2A 2FA,85383906101500029542894,DBIT,PR,BILLED,GBP,false,5247
2026-04-11,2026-04-12,8.92,Amazon.co.uk*NI5HO27J4,LONDON,GBR,EC2A 2FA,52718716101204051665561,DBIT,PR,BILLED,GBP,false,5247
2026-04-10,2026-04-10,3815.79,PAYMENT RECEIVED,,,,VMOFPX3F9UC7ZY4MH7Y00,CRDT,PY,BILLED,GBP,false,5247
2026-04-10,2026-04-12,39.99,AMAZON* NI54F46J4,LONDON,GBR,EC2A 2FA,85383906100500036056616,DBIT,PR,BILLED,GBP,false,5247
2026-04-08,2026-04-09,12.95,PHOTOAID,BIALYSTOK,POL,15-540,15424526099000857830030,DBIT,PR,BILLED,GBP,false,5247
2026-04-07,2026-04-07,25.00,PAYMENT DD - THANK YOU,,,,,CRDT,PY,BILLED,GBP,false,5247
2026-04-07,2026-04-08,49.39,PETS AT HOME LIMITED R,HANDFORTH,GBR,SK9 3RN,05272466098910015127414,DBIT,PR,BILLED,GBP,false,5247
2026-04-06,2026-04-07,171.33,Klarna*fromourplace.,London,GBR,WC2B 6NH,05184896096219553633362,DBIT,PR,BILLED,GBP,false,5247
2026-04-06,2026-04-07,25.00,FLOW NEUROSCIENCE,MALMO,SWE,211 40,82644316097500002253519,DBIT,PR,BILLED,GBP,false,5247
2026-04-06,2026-04-07,5.99,Prime Video*NI1BH4OT4,LONDON,GBR,EC2A 2FA,52718776096202299779815,DBIT,PR,BILLED,GBP,false,5247
2026-04-06,2026-04-08,261.00,ALLEYCAT CAR & VAN REN,SAWBRIDGEWORT,GBR,CM21 0LX,55203346098160010147586,DBIT,PR,BILLED,GBP,false,5247
2026-04-05,2026-04-06,5.49,AMAZON* NB09O6UB4,LONDON,GBR,EC2A 2FA,85383906095500020325354,DBIT,PR,BILLED,GBP,false,5247
2026-04-05,2026-04-06,12.95,PHOTOAID,BIALYSTOK,POL,15-540,15424526096000279350073,DBIT,PR,BILLED,GBP,false,5247
2026-04-05,2026-04-06,12.95,PHOTOAID,BIALYSTOK,POL,15-540,15424526096000279740018,DBIT,PR,BILLED,GBP,false,5247
2026-04-05,2026-04-06,5.00,ALTERNALEAF,BERKSHIRE,GBR,RG41 5RB,85383906095500024184492,DBIT,PR,BILLED,GBP,false,5247
2026-04-04,2026-04-05,37.98,TKMAXX_UK,Worthing,GBR,BN11 1YJ,17979676094002266860098,DBIT,PR,BILLED,GBP,false,5247
2026-04-04,2026-04-05,12.95,PHOTOAID,BIALYSTOK,POL,15-540,15424526095000715550048,DBIT,PR,BILLED,GBP,false,5247
2026-04-04,2026-04-05,3.80,WORTHING BOROUGH ON ST,WORTHING,GBR,BN11 1HB,15122626095000681193214,DBIT,PR,BILLED,GBP,false,5247
2026-04-04,2026-04-05,105.00,MNK*PIZZAFACE WORTHING,Worthing,GBR,BN11 3HG,05272466095910036598588,DBIT,PR,BILLED,GBP,false,5247
2026-04-03,2026-04-05,208.00,LE SHUTTLE 1991,FOLKESTONE,GBR,CT18 8XX,55504436093243162096494,DBIT,PR,BILLED,GBP,false,5247
2026-04-03,2026-04-05,5.00,THE KIMONO NAIL STUDIO,CAMBRIDGE,GBR,CB21EG,85383906093500033542005,DBIT,PR,BILLED,GBP,false,5247
2026-04-02,2026-04-03,14.99,AMAZON* NB17T0P44,LONDON,GBR,EC2A 2FA,85383906092500020840017,DBIT,PR,BILLED,GBP,false,5247
2026-04-01,2026-04-02,5.42,AMZNMktplace*NB2292JO4,LONDON,GBR,EC2A 2FA,52718716091200331558149,DBIT,PR,BILLED,GBP,false,5247
2026-04-01,2026-04-02,19.99,WWW.DAZN.COM,dazn.com,GBR,TW13 7BZ,17979676091000525096226,DBIT,PR,BILLED,GBP,false,5247
2026-03-30,2026-03-31,58.00,B & Q 1025,WEYMOUTH,GBR,DT4 7BG,85481476090822469750029,DBIT,PR,BILLED,GBP,false,5247
2026-03-30,2026-03-31,36.90,DOLPHINFITNESS.CO,SHOREHAM-BY-S,GBR,BN43 6PB,85481476090822489833219,DBIT,PR,BILLED,GBP,false,5247
2026-03-28,2026-03-30,5.75,CO-OP GROUP 160079,Fortuneswell,GBR,DT51LY,85481476088822010792862,DBIT,PR,BILLED,GBP,false,5247
2026-03-27,2026-03-29,5.99,AMAZON* UZ0E97OH5,LONDON,GBR,EC2A 2FA,85383906086500042674806,DBIT,PR,BILLED,GBP,false,5247
2026-03-27,2026-03-29,5.65,AMAZON* 8N4Y85MK5,LONDON,GBR,EC2A 2FA,85383906086500042733909,DBIT,PR,BILLED,GBP,false,5247
2026-03-27,2026-03-29,12.70,Nespresso UK LIMITED,Gatwick,GBR,RH6 0PA,17979676086001990504212,DBIT,PR,BILLED,GBP,false,5247
2026-03-27,2026-03-29,208.45,Costco Wholesale #124,SOUTHAMPTON,GBR,SO15 8TA,85207496086612759928824,DBIT,PR,BILLED,GBP,false,5247
2026-03-27,2026-03-29,1.50,Costco Wholesale #124,SOUTHAMPTON,GBR,SO15 8TA,85207496086612759928964,DBIT,PR,BILLED,GBP,false,5247
2026-03-27,2026-03-29,18.90,SP WIPERBLADES.CO.UK,GATESHEAD,GBR,NE11 0XA,85383906087500007962286,DBIT,PR,BILLED,GBP,false,5247
2026-03-26,2026-03-27,239.00,Montu,WOKINGHAM,GBR,RG41 5RB,82717086085612811179747,DBIT,PR,BILLED,GBP,false,5247
2026-03-24,2026-03-25,149.90,DISNEY PLUS,LONDON,GBR,W6 9PE,05272476084910001468645,DBIT,PR,BILLED,GBP,false,5247
2026-03-24,2026-03-25,6.72,AMAZON UK* QS0E00SN5,LONDON,GBR,EC2A 2FA,85383906084500007721370,DBIT,PR,BILLED,GBP,false,5247
2026-03-23,2026-03-24,11.43,UBER *TRIP,HELP.UBER.COM,GBR,E1 8FA,15122626083000089592094,DBIT,PR,BILLED,GBP,false,5247
2026-03-23,2026-03-25,309.98,SIMPLEONLINEPHARMACY,GLASGOW,GBR,G40 3PA,85383906083500030418458,CRDT,PR,BILLED,GBP,false,5247
2026-03-22,2026-03-23,10.40,UBER *TRIP,HELP.UBER.COM,GBR,E1 8FA,15122626082000143713620,DBIT,PR,BILLED,GBP,false,5247
2026-03-21,2026-03-22,11.45,UBER *TRIP,HELP.UBER.COM,GBR,E1 8FA,15122626081000091566286,DBIT,PR,BILLED,GBP,false,5247
2026-03-20,2026-03-22,9.67,UBER *TRIP HELP.UBER.C,London,GBR,E18FA,17979676079001147403069,DBIT,PR,BILLED,GBP,false,5247
2026-03-20,2026-03-22,45.96,AMAZON UK* R94EQ7LL5,LONDON,GBR,EC2A 2FA,85383906080500002914834,DBIT,PR,BILLED,GBP,false,5247
2026-03-20,2026-03-22,16.32,CAFFE NERO STANSTED AI,STANSTED,GBR,CM24 1QW,55184226080600809077665,DBIT,PR,BILLED,GBP,false,5247
2026-03-20,2026-03-22,5.57,CAFFE NERO STANSTED AI,STANSTED,GBR,CM24 1QW,55184226080600809079331,DBIT,PR,BILLED,GBP,false,5247
2026-03-19,2026-03-19,25.00,NESPRESSO UK LIMITED,GATWICK,GBR,RH6 0PA,17979676078000701082062,DBIT,PR,BILLED,GBP,false,5247
2026-03-19,2026-03-20,4.60,QUEEN ANNE TERRACE CAR,CAMBRIDGE,GBR,CB1 1ND,55504436078081177509344,DBIT,PR,BILLED,GBP,false,5247
2026-03-19,2026-03-20,40.35,TRAINLINE,LONDON,GBR,EC1N 2TD,05272466079910060175519,DBIT,PR,BILLED,GBP,false,5247
2026-03-19,2026-03-20,16.53,DELIVEROO,LONDON,GBR,EC4R 3TE,85383906079500007295877,DBIT,PR,BILLED,GBP,false,5247
2026-03-17,2026-03-18,5.00,THE KIMONO NAIL STUDIO,CAMBRIDGE,GBR,CB21EG,85383906076500041582218,DBIT,PR,BILLED,GBP,false,5247
2026-03-17,2026-03-18,2.30,QUEEN ANNE TERRACE CAR,CAMBRIDGE,GBR,CB1 1ND,55504436076081157092396,DBIT,PR,BILLED,GBP,false,5247
2026-03-16,2026-03-16,5.06,Caffe Nero UK App,London,GBR,WC2H 9QL,05184896075209594293164,DBIT,PR,BILLED,GBP,false,5247
2026-03-14,2026-03-15,7.99,Prime Video Rent / Buy,LONDON,GBR,EC2A 2FA,52718776073204132825745,DBIT,PR,BILLED,GBP,false,5247
2026-03-14,2026-03-15,50.00,DEVONSHIRE HOUSE,STOKESLEY BUS,GBR,TS9 5QT,85383906074500008730992,DBIT,PR,BILLED,GBP,false,5247
2026-03-14,2026-03-16,359.93,Costco Wholesale #129,STEVENAGE,GBR,SG1 2EH,85207496074610391214011,DBIT,PR,BILLED,GBP,false,5247
2026-03-14,2026-03-17,118.60,Ryanair D 0000000RZPT8J0,www.ryanair.c,GBR,K67 NY94,85207496075610443105562,DBIT,PR,BILLED,GBP,false,5247
2026-03-13,2026-03-15,203.00,VISION EXPRESS 019,CAMBRIDGE,GBR,CB2 3NE,55504436072110213089478,DBIT,PR,BILLED,GBP,false,5247
2026-03-13,2026-03-15,7.20,GRAND ARCADE CAR PARK,CAMBRIDGE,GBR,CB2 3QF,55504436072081113149888,DBIT,PR,BILLED,GBP,false,5247
2026-03-13,2026-03-15,79.80,THE LIGHT CINEMAS,London,GBR,W1B 5PF,22704586072020664900224,DBIT,PR,BILLED,GBP,false,5247
2026-03-12,2026-03-13,309.98,SIMPLEONLINEPHARMACY,GLASGOW,GBR,G40 3PA,85383906071500033085837,DBIT,PR,BILLED,GBP,false,5247
2026-03-11,2026-03-11,9.18,Amazon.co.uk*RA6BG8NV5,LONDON,GBR,EC2A 2FA,52718716070202812271338,DBIT,PR,BILLED,GBP,false,5247
2026-03-11,2026-03-11,14.44,Amazon.co.uk*774765KM5,LONDON,GBR,EC2A 2FA,52718716070202811971086,DBIT,PR,BILLED,GBP,false,5247
2026-03-11,2026-03-12,4.99,APPLE.COM/BILL,CORK,IRL,UNKNOWN,55204726070203047479053,DBIT,PR,BILLED,GBP,false,5247
2026-03-11,2026-03-12,9.35,AMAZON* KL2V69QA5,LONDON,GBR,EC2A 2FA,85383906071500000270172,DBIT,PR,BILLED,GBP,false,5247
2026-03-11,2026-03-12,234.00,Montu,WOKINGHAM,GBR,RG41 5RB,82717086070609664825555,DBIT,PR,BILLED,GBP,false,5247
2026-03-11,2026-03-12,60.00,NATIONAL PARKING ENFOR,NORWICH,GBR,NR4 6DN,85481476071816942077573,DBIT,PR,BILLED,GBP,false,5247
2026-03-10,2026-03-10,45.90,PAYMENT DD - THANK YOU,,,,,CRDT,PY,BILLED,GBP,false,5247
2026-03-10,2026-03-11,60.98,TESCO STORES 2555,FULBOURN,GBR,CB1 9BF,05272476070910017135630,DBIT,PR,BILLED,GBP,false,5247
2026-03-10,2026-03-11,9.75,AMAZON UK* CN5G02D65,LONDON,GBR,EC2A 2FA,85383906070500008457202,DBIT,PR,BILLED,GBP,false,5247
2026-03-10,2026-03-11,7.70,AMAZON UK* 729PB38E5,LONDON,GBR,EC2A 2FA,85383906070500008702987,DBIT,PR,BILLED,GBP,false,5247
2026-03-10,2026-03-11,18.34,AMAZON* EB8TW1MJ5,LONDON,GBR,EC2A 2FA,85383906070500008581142,DBIT,PR,BILLED,GBP,false,5247
2026-03-10,2026-03-12,31.90,Timpson Ltd 5077,CAMBRIDGE,GBR,CB1 9BF,85481476070816861504624,DBIT,PR,BILLED,GBP,false,5247
2026-03-09,2026-03-10,23.70,Sephora UK,St.Peter,GBR,JE3 7ZN,17979676068000304727222,DBIT,PR,BILLED,GBP,false,5247
2026-03-09,2026-03-10,1.90,CARFLOW LIMITED (E),MAIDSTONE,GBR,RG24 8YB,55504436068083157654050,DBIT,PR,BILLED,GBP,false,5247
2026-03-09,2026-03-10,1.90,CARFLOW LIMITED (E),MAIDSTONE,GBR,RG24 8YB,55504436068083157654456,DBIT,PR,BILLED,GBP,false,5247
2026-03-08,2026-03-09,4.63,AMAZON UK* LQ7HR8MV5,LONDON,GBR,EC2A 2FA,85383906068500007703485,DBIT,PR,BILLED,GBP,false,5247
2026-03-08,2026-03-09,17.10,AMAZON UK* PP4YC66K5,LONDON,GBR,EC2A 2FA,85383906068500007713518,DBIT,PR,BILLED,GBP,false,5247
2026-03-08,2026-03-09,3.16,AMAZON UK* B832N84I5,LONDON,GBR,EC2A 2FA,85383906068500007654563,DBIT,PR,BILLED,GBP,false,5247
2026-03-08,2026-03-09,2.38,AMAZON UK* MI1ZS58W5,LONDON,GBR,EC2A 2FA,85383906068500007624392,DBIT,PR,BILLED,GBP,false,5247
2026-03-08,2026-03-09,12.32,AMAZON UK* 383SA5SB5,LONDON,GBR,EC2A 2FA,85383906068500007821964,DBIT,PR,BILLED,GBP,false,5247
2026-03-07,2026-03-08,34.60,DINES* PRINCE OF WALES,LONDON,GBR,W1D 6AS,85383906066500028385017,DBIT,PR,BILLED,GBP,false,5247
2026-03-07,2026-03-08,17.00,MED FOODS LTD,LONDON,GBR,NW2 7HW,55203346067208010703978,DBIT,PR,BILLED,GBP,false,5247
2026-03-07,2026-03-08,15.90,CAMBRIDGESHIRE COUNTY,PARKING,GBR,RG24 8YB,55504436066083138919095,DBIT,PR,BILLED,GBP,false,5247
2026-03-07,2026-03-08,20.07,BOOTS 877,LONDON,GBR,EC2V 6DN,05272476067910017954431,DBIT,PR,BILLED,GBP,false,5247
2026-03-07,2026-03-08,8.99,AMAZON* JH0BJ1ZR5,LONDON,GBR,EC2A 2FA,85383906066500030676999,DBIT,PR,BILLED,GBP,false,5247
2026-03-07,2026-03-08,9.95,AMAZON* XG9MG4RM5,LONDON,GBR,EC2A 2FA,85383906067500006914746,DBIT,PR,BILLED,GBP,false,5247
2026-03-07,2026-03-09,12.80,TFL TRAVEL CH,TFL.GOV.UK/CP,GBR,SW1H 0TL,85481476067816101061315,DBIT,PR,BILLED,GBP,false,5247
2026-03-06,2026-03-08,90.00,Cambridge Grand Arcade,Cambridge,GBR,CB2 3BJ,17979676065001715536072,DBIT,PR,BILLED,GBP,false,5247
2026-03-06,2026-03-08,3.60,GRAND ARCADE CAR PARK,CAMBRIDGE,GBR,CB2 3QF,55504436065081128961219,DBIT,PR,BILLED,GBP,false,5247
2026-03-06,2026-03-08,91.39,TRAINLINE,LONDON,GBR,EC1N 2TD,05272466066910079822601,DBIT,PR,BILLED,GBP,false,5247
2026-03-06,2026-03-08,5.99,Prime Video*SA1T89C65,LONDON,GBR,EC2A 2FA,52718776065201322018271,DBIT,PR,BILLED,GBP,false,5247
2026-03-05,2026-03-05,1.35,NON-STERLING TRANS FEE,,,,82117556063500011381227,CRDT,FE,BILLED,GBP,false,5247
2026-03-05,2026-03-06,15.00,ELAJE HAIR & BEAUTY,CAMBRIDGE,GBR,CB21 5EB,85383906064500024411785,DBIT,PR,BILLED,GBP,false,5247
2026-03-05,2026-03-06,5.00,ALTERNALEAF,BERKSHIRE,GBR,RG41 5RB,85383906064500033005529,DBIT,PR,BILLED,GBP,false,5247
2026-03-05,2026-03-06,5.00,THE KIMONO NAIL STUDIO,CAMBRIDGE,GBR,CB21EG,85383906065500002795471,DBIT,PR,BILLED,GBP,false,5247
2026-03-04,2026-03-05,5.99,AMAZON UK* DR3339P75,LONDON,GBR,EC2A 2FA,85383906064500006042137,DBIT,PR,BILLED,GBP,false,5247
2026-03-03,2026-03-04,2.69,AMAZON* YI8EG02C5,LONDON,GBR,EC2A 2FA,85383906062500029788114,DBIT,PR,BILLED,GBP,false,5247
2026-03-03,2026-03-04,7.00,STN AIRPORT TARIFF,UXBRIDGE,GBR,UB8 2XW,05272476063910060719206,DBIT,PR,BILLED,GBP,false,5247
2026-03-03,2026-03-04,7.64,AMAZON* 7S0SM3EV5,LONDON,GBR,EC2A 2FA,85383906062500041041583,DBIT,PR,BILLED,GBP,false,5247
2026-03-03,2026-03-05,45.06,LORKA+18333900846,MIAMI,USA,33131,82117556063500011381227,CRDT,PR,BILLED,GBP,false,5247
2026-03-02,2026-03-02,1.34,NON-STERLING TRANS FEE,,,,82117556061500001330244,DBIT,FE,BILLED,GBP,false,5247
2026-03-01,2026-03-01,413.88,PAYMENT RECEIVED,,,,VMOFQC4428MAYOCXFB500,CRDT,PY,BILLED,GBP,false,5247
2026-03-01,2026-03-02,180.00,CLAUDE.AI SUBSCRIPTION,SAN FRANCISCO,USA,94104,87787536060500176960016,DBIT,PR,BILLED,GBP,false,5247
2026-03-01,2026-03-02,19.99,WWW.DAZN.COM,dazn.com,GBR,TW13 7BZ,17979676060000614939226,DBIT,PR,BILLED,GBP,false,5247
2026-03-01,2026-03-02,44.65,LORKA+18333900846,MIAMI,USA,33131,82117556061500001330244,DBIT,PR,BILLED,GBP,false,5247
2026-02-28,2026-03-01,10.43,UBER *TRIP,HELP.UBER.COM,GBR,E1 8FA,15122626060000093779502,DBIT,PR,BILLED,GBP,false,5247
2026-02-28,2026-03-01,33.14,TESCO STORES 2555,FULBOURN,GBR,CB1 9BF,05272476060910019298958,DBIT,PR,BILLED,GBP,false,5247
2026-02-28,2026-03-01,4.27,TESCO STORES 2555,FULBOURN,GBR,CB1 9BF,05272476060910019400729,DBIT,PR,BILLED,GBP,false,5247
2026-02-27,2026-03-01,20.54,PAYPAL *NETFLIX.COM,4029357733,USA,950327620,82147126058608182857702,DBIT,PR,BILLED,GBP,false,5247
2026-02-26,2026-02-26,11.90,Nespresso UK LIMITED,Gatwick,GBR,RH6 0PA,17979676057000090980210,DBIT,PR,BILLED,GBP,false,5247
2026-02-26,2026-02-27,4.60,QUEEN ANNE TERRACE CAR,CAMBRIDGE,GBR,CB1 1ND,55504436057081131885850,DBIT,PR,BILLED,GBP,false,5247
2026-02-25,2026-02-25,4500.00,PAYMENT RECEIVED,,,,VMSFG0GZV5S6OQHJ27B00,CRDT,PY,BILLED,GBP,false,5247
2026-02-25,2026-02-25,4.21,Caffe Nero UK App,London,GBR,WC2H 9QL,05184896056200458987986,DBIT,PR,BILLED,GBP,false,5247
2026-02-25,2026-02-25,68.78,AMAZON* 3E8N64YP5,LONDON,GBR,EC2A 2FA,85383906056500010156782,DBIT,PR,BILLED,GBP,false,5247
2026-02-25,2026-02-25,813.78,PAYMENT RECEIVED,,,,VMOFGU83KCTJ82U1Y6700,CRDT,PY,BILLED,GBP,false,5247
2026-02-25,2026-02-26,134.00,DEVONSHIRE HOUSE PRACT,CAMBRIDGE,GBR,CB1 7PN,15122626057002493630611,DBIT,PR,BILLED,GBP,false,5247
2026-02-25,2026-02-26,195.00,DVLA EVL WEB,SWANSEA,GBR,SA6 7JL,85481476057812879243005,DBIT,PR,BILLED,GBP,false,5247
2026-02-25,2026-02-26,6.84,TESCO STORES 2656,CAMBRIDGE,GBR,CB1 2GE,05272476057910012155291,DBIT,PR,BILLED,GBP,false,5247
2026-02-24,2026-02-24,8.42,Caffe Nero UK App,London,GBR,WC2H 9QL,05184896055200028500880,DBIT,PR,BILLED,GBP,false,5247
2026-02-23,2026-02-24,11.40,UBER *TRIP,HELP.UBER.COM,GBR,E1 8FA,15122626055000088825887,DBIT,PR,BILLED,GBP,false,5247
2026-02-22,2026-02-23,12.33,UBER *TRIP,HELP.UBER.COM,GBR,E1 8FA,15122626054000140606458,DBIT,PR,BILLED,GBP,false,5247
2026-02-22,2026-02-23,50.21,TESCO STORES 2555,FULBOURN,GBR,CB1 9BF,05272476054910007299123,DBIT,PR,BILLED,GBP,false,5247
2026-02-20,2026-02-22,11.38,UBER *TRIP,HELP.UBER.COM,GBR,E1 8FA,15122626052000087395786,DBIT,PR,BILLED,GBP,false,5247
2026-02-20,2026-02-22,22.40,WELCOME BREAK-FLEET AM,FLEET,GBR,GU51 1AA,05272476052910075978626,DBIT,PR,BILLED,GBP,false,5247
2026-02-20,2026-02-22,24.29,AMAZON* X76DA2RB5,LONDON,GBR,EC2A 2FA,85383906051500037753723,DBIT,PR,BILLED,GBP,false,5247
2026-02-19,2026-02-19,25.00,NESPRESSO UK LIMITED,GATWICK,GBR,RH6 0PA,17979676050000700984062,DBIT,PR,BILLED,GBP,false,5247
2026-02-19,2026-02-20,30.16,DELIVEROO,LONDON,GBR,EC4R 3TE,85383906050500012879726,DBIT,PR,BILLED,GBP,false,5247
2026-02-19,2026-02-20,23.84,DELIVEROO,LONDON,GBR,EC4R 3TE,85383906050500035784309,DBIT,PR,BILLED,GBP,false,5247
2026-02-19,2026-02-20,8.34,DELIVEROO,LONDON,GBR,EC4R 3TE,85383906050500035616790,DBIT,PR,BILLED,GBP,false,5247
2026-02-19,2026-02-20,2.55,CO-OP GROUP 160079,Fortuneswell,GBR,DT51LY,85481476051811335597810,DBIT,PR,BILLED,GBP,false,5247
2026-02-19,2026-02-20,6.75,AMAZON UK* AZ6R61185,LONDON,GBR,EC2A 2FA,85383906051500002237744,DBIT,PR,BILLED,GBP,false,5247
2026-02-18,2026-02-19,324.98,SIMPLEONLINEPHARMACY,GLASGOW,GBR,G40 3PA,85383906049500023371097,DBIT,PR,BILLED,GBP,false,5247
2026-02-18,2026-02-19,11.50,UBER *TRIP,HELP.UBER.COM,GBR,E1 8FA,15122626050000086929074,DBIT,PR,BILLED,GBP,false,5247
2026-02-18,2026-02-19,31.99,AMAZON UK* Q41602WU5,LONDON,GBR,EC2A 2FA,85383906050500002586885,DBIT,PR,BILLED,GBP,false,5247
2026-02-18,2026-02-19,29.90,AMAZON* Q90BP5FK5,LONDON,GBR,EC2A 2FA,85383906049500038212906,DBIT,PR,BILLED,GBP,false,5247
2026-02-18,2026-02-19,8.99,AMAZON* 0B7SH1NC5,LONDON,GBR,EC2A 2FA,85383906050500002706673,DBIT,PR,BILLED,GBP,false,5247
2026-02-17,2026-02-18,2.99,APPLE.COM/BILL,CORK,IRL,UNKNOWN,55204726048205196453705,DBIT,PR,BILLED,GBP,false,5247
2026-02-17,2026-02-18,8.41,UBER *TRIP,HELP.UBER.COM,GBR,E1 8FA,15122626049000086541998,DBIT,PR,BILLED,GBP,false,5247
2026-02-16,2026-02-17,22.98,AMAZON UK* QE86G3S45,LONDON,GBR,EC2A 2FA,85383906048500002629128,DBIT,PR,BILLED,GBP,false,5247
2026-02-14,2026-02-15,5.00,Q PARK ONLINE SALES UK,BURY,GBR,BL9 0SW,55184226045610459483323,DBIT,PR,BILLED,GBP,false,5247
2026-02-14,2026-02-15,5.00,COMMERCIAL ROAD WEYMOU,WEYMOUTH,GBR,DT4 8LY,55184226045560460415352,DBIT,PR,BILLED,GBP,false,5247
2026-02-14,2026-02-16,51.09,TRAINLINE,LONDON,GBR,EC1N 2TD,05272466047910055188062,DBIT,PR,BILLED,GBP,false,5247
2026-02-13,2026-02-13,10.73,Deliveroo,LONDON,GBR,EC4R3TE,17979676044000127359228,DBIT,PR,BILLED,GBP,false,5247
2026-02-13,2026-02-15,262.24,Costco Wholesale #124,SOUTHAMPTON,GBR,SO15 8TA,85207496044606578246245,DBIT,PR,BILLED,GBP,false,5247
2026-02-13,2026-02-15,19.85,AMAZON UK* M50BM2FQ5,LONDON,GBR,EC2A 2FA,85383906045500000865610,DBIT,PR,BILLED,GBP,false,5247
2026-02-13,2026-02-15,20.31,AMAZON* N360W9WM5,LONDON,GBR,EC2A 2FA,85383906045500007281787,DBIT,PR,BILLED,GBP,false,5247
2026-02-13,2026-02-15,73.00,Montu,WOKINGHAM,GBR,RG41 5RB,82717086044606405981542,DBIT,PR,BILLED,GBP,false,5247
2026-02-13,2026-02-15,90.00,DEVONSHIRE HOUSE,STOKESLEY BUS,GBR,TS9 5QT,85383906045500011118736,DBIT,PR,BILLED,GBP,false,5247
2026-02-13,2026-02-15,90.00,DEVONSHIRE HOUSE,STOKESLEY BUS,GBR,TS9 5QT,85383906045500011139260,DBIT,PR,BILLED,GBP,false,5247
2026-02-13,2026-02-15,90.00,DEVONSHIRE HOUSE,STOKESLEY BUS,GBR,TS9 5QT,85383906045500011196245,DBIT,PR,BILLED,GBP,false,5247
2026-02-12,2026-02-13,1.99,APPLE.COM/BILL,CORK,IRL,UNKNOWN,55204726043203386226580,DBIT,PR,BILLED,GBP,false,5247
2026-02-11,2026-02-12,516.60,KWIK FIT,LETCHWORTH,GBR,SG62HU,15122626043000482660208,DBIT,PR,BILLED,GBP,false,5247
2026-02-11,2026-02-13,375.72,CAMBRIDGE AUDI,CAMBRIDGE,GBR,CB22 3AY,55504436043110245643611,DBIT,PR,BILLED,GBP,false,5247
2026-02-10,2026-02-11,2.86,AMAZON UK* IJ9534DR5,LONDON,GBR,EC2A 2FA,85383906041500030688481,DBIT,PR,BILLED,GBP,false,5247
2026-02-10,2026-02-11,9.15,Amazon.co.uk*OM8XH4P05,LONDON,GBR,EC2A 2FA,52718716041202753584505,DBIT,PR,BILLED,GBP,false,5247
2026-02-10,2026-02-11,28.00,The Kimono Nail Studi,Cambridge,GBR,CB2 1EG,29130796041005951746002,DBIT,PR,BILLED,GBP,false,5247
2026-02-10,2026-02-11,5.90,CAMBRIDGESHIRE COUNTY,PARKING,GBR,RG24 8YB,55504436041083145045223,DBIT,PR,BILLED,GBP,false,5247
2026-02-10,2026-02-11,2.12,AMAZON UK* VK3HD0BQ5,LONDON,GBR,EC2A 2FA,85383906042500005542142,DBIT,PR,BILLED,GBP,false,5247
2026-02-10,2026-02-11,1.25,AMAZON UK* 3I1KV96C5,LONDON,GBR,EC2A 2FA,85383906042500005542100,DBIT,PR,BILLED,GBP,false,5247
2026-02-10,2026-02-11,3.41,AMAZON* FH60D98M5,LONDON,GBR,EC2A 2FA,85383906042500005492520,DBIT,PR,BILLED,GBP,false,5247
2026-02-10,2026-02-11,23.27,AMAZON* F89MM75I5,LONDON,GBR,EC2A 2FA,85383906042500005650903,DBIT,PR,BILLED,GBP,false,5247
2026-02-09,2026-02-10,7.62,AMAZON UK* N92B85X45,LONDON,GBR,EC2A 2FA,85383906040500032184241,DBIT,PR,BILLED,GBP,false,5247
2026-02-09,2026-02-10,11.20,AMAZON UK* 5T7FT5725,LONDON,GBR,EC2A 2FA,85383906040500032124809,DBIT,PR,BILLED,GBP,false,5247
2026-02-09,2026-02-10,3.49,Google One,London,GBR,EC4A 3TW,17979676040002390357222,DBIT,PR,BILLED,GBP,false,5247
2026-02-09,2026-02-10,70.00,CLARENDON STREET VETER,CAMBRIDGE,GBR,CB1 1JX,55184226040610401107819,DBIT,PR,BILLED,GBP,false,5247
2026-02-09,2026-02-10,12.99,AMAZON* EX51D0T35,LONDON,GBR,EC2A 2FA,85383906041500003919426,DBIT,PR,BILLED,GBP,false,5247
2026-02-09,2026-02-10,10.00,THE KIMONO NAIL STUDIO,CAMBRIDGE,GBR,CB21EG,85383906041500004365348,DBIT,PR,BILLED,GBP,false,5247
2026-02-08,2026-02-09,25.00,PAYMENT DD - THANK YOU,,,,,CRDT,PY,BILLED,GBP,false,5247
2026-02-08,2026-02-09,5.92,AMAZON UK* IZ61I0GM5,LONDON,GBR,EC2A 2FA,85383906039500015382211,DBIT,PR,BILLED,GBP,false,5247
2026-02-08,2026-02-09,13.60,AMAZON UK* NI7MK4E25,LONDON,GBR,EC2A 2FA,85383906039500015244643,DBIT,PR,BILLED,GBP,false,5247
2026-02-08,2026-02-09,3.57,AMAZON UK* ZF80K1N24,LONDON,GBR,EC2A 2FA,85383906039500015440951,DBIT,PR,BILLED,GBP,false,5247
2026-02-08,2026-02-09,9.34,AMAZON UK* 4W4BX32W5,LONDON,GBR,EC2A 2FA,85383906039500015372279,DBIT,PR,BILLED,GBP,false,5247
2026-02-08,2026-02-09,11.57,AMAZON* E50B32235,LONDON,GBR,EC2A 2FA,85383906039500015510316,DBIT,PR,BILLED,GBP,false,5247
2026-02-08,2026-02-09,41.40,AMAZON* MM2IB7BH5,LONDON,GBR,EC2A 2FA,85383906039500015332174,DBIT,PR,BILLED,GBP,false,5247
2026-02-08,2026-02-09,18.28,Amazon.co.uk*X864D4NY5,LONDON,GBR,EC2A 2FA,52718716039202043066747,DBIT,PR,BILLED,GBP,false,5247
2026-02-08,2026-02-09,63.60,AMAZON* 5419F4FU5,LONDON,GBR,EC2A 2FA,85383906040500006172891,DBIT,PR,BILLED,GBP,false,5247
2026-02-06,2026-02-08,37.00,ALLEYCAT CAR & VAN REN,SAWBRIDGEWORT,GBR,CM21 0LX,55203346038160010149411,DBIT,PR,BILLED,GBP,false,5247
2026-02-06,2026-02-08,8.40,ALLEYCAT CAR & VAN REN,SAWBRIDGEWORT,GBR,CM21 0LX,55203346038160010149429,DBIT,PR,BILLED,GBP,false,5247
2026-02-06,2026-02-08,5.99,Prime Video*VJ6VF32Q5,LONDON,GBR,EC2A 2FA,52718776037201479237240,DBIT,PR,BILLED,GBP,false,5247
2026-02-05,2026-02-06,70.98,AMAZON* 0781P3MO5,LONDON,GBR,EC2A 2FA,85383906036500025046163,DBIT,PR,BILLED,GBP,false,5247
2026-02-05,2026-02-06,5.00,ALTERNALEAF,BERKSHIRE,GBR,RG41 5RB,85383906036500027554362,DBIT,PR,BILLED,GBP,false,5247
2026-02-05,2026-02-06,1.90,WORTHING BOROUGH ON ST,WORTHING,GBR,BN11 1HB,15122626037000780478343,DBIT,PR,BILLED,GBP,false,5247
2026-02-05,2026-02-06,1.90,WORTHING BOROUGH ON ST,WORTHING,GBR,BN11 1HB,15122626037000780478384,DBIT,PR,BILLED,GBP,false,5247
2026-02-05,2026-02-06,41.00,SHELL BIRCHANGER,BIRCHANGER,GBR,CM235QZ,85481476037807447934353,DBIT,PR,BILLED,GBP,false,5247
2026-02-05,2026-02-06,14.85,WELCOME BREAK-BIRCHANG,BISHOPS STORT,GBR,CM23 5QZ,05272476037910060024667,DBIT,PR,BILLED,GBP,false,5247
2026-02-05,2026-02-06,23.99,MCDONALDS 121,WORTHING,GBR,BN11 1SX,85481476037807569295526,DBIT,PR,BILLED,GBP,false,5247
2026-02-04,2026-02-05,1.99,APPLE.COM/BILL,CORK,IRL,UNKNOWN,55204726035200727117510,DBIT,PR,BILLED,GBP,false,5247
2026-02-04,2026-02-05,6.00,Nespresso UK LIMITED,Gatwick,GBR,RH6 0PA,17979676035001649285215,DBIT,PR,BILLED,GBP,false,5247
2026-02-04,2026-02-05,19.99,AMZNMktplace*FT0OF4615,LONDON,GBR,EC2A 2FA,52718716035200818136657,DBIT,PR,BILLED,GBP,false,5247
2026-02-03,2026-02-04,7.99,APPLE.COM/BILL,CORK,IRL,UNKNOWN,55204726034200308746670,DBIT,PR,BILLED,GBP,false,5247
2026-02-03,2026-02-04,89.00,ALLEYCAT CAR & VAN REN,SAWBRIDGEWORT,GBR,CM21 0LX,55203346035160010144001,DBIT,PR,BILLED,GBP,false,5247
2026-02-03,2026-02-04,7.00,STN AIRPORT TARIFF,UXBRIDGE,GBR,UB8 2XW,05272476035910055317698,DBIT,PR,BILLED,GBP,false,5247
2026-02-02,2026-02-03,2.99,APPLE.COM/BILL,CORK,IRL,UNKNOWN,55204726033200043599393,DBIT,PR,BILLED,GBP,false,5247
2026-02-02,2026-02-03,31.91,DOLPHINFITNESS.CO,SHOREHAM-BY-S,GBR,BN43 6PB,85481476034806586978190,DBIT,PR,BILLED,GBP,false,5247
2026-02-02,2026-02-03,72.91,WWW.SOUTH-STAFFS-WATER,01922618176,GBR,WS2 7PD,55504436033295375411699,DBIT,PR,BILLED,GBP,false,5247
2026-02-01,2026-02-02,19.99,WWW.DAZN.COM,dazn.com,GBR,TW13 7BZ,17979676032000409032224,DBIT,PR,BILLED,GBP,false,5247
2026-02-01,2026-02-02,154.35,Costco Wholesale #129,STEVENAGE,GBR,SG1 2EH,85207496032604260039386,DBIT,PR,BILLED,GBP,false,5247
2026-02-01,2026-02-02,4.50,Costco Wholesale #129,STEVENAGE,GBR,SG1 2EH,85207496032604260030609,DBIT,PR,BILLED,GBP,false,5247
2026-02-01,2026-02-02,64.00,Montu,WOKINGHAM,GBR,RG41 5RB,82717086032604295860979,DBIT,PR,BILLED,GBP,false,5247
2026-02-01,2026-02-02,6.42,Smart Charge 0434,Stevenage,GBR,SG1 4AE,05845086032154741415420,DBIT,PR,BILLED,GBP,false,5247
2026-01-31,2026-02-01,22.98,AMAZON* O13QI5M75,LONDON,GBR,EC2A 2FA,85383906031500027224722,DBIT,PR,BILLED,GBP,false,5247
2026-01-31,2026-02-01,10.52,AMAZON* QT7AZ60F5,LONDON,GBR,EC2A 2FA,85383906031500023016114,DBIT,PR,BILLED,GBP,false,5247
2026-01-31,2026-02-01,5.00,THE KIMONO NAIL STUDIO,CAMBRIDGE,GBR,CB21EG,85383906032500000834504,DBIT,PR,BILLED,GBP,false,5247
2026-01-30,2026-02-01,10.00,Bedford lawn car park,Sidmouth,GBR,EX10 8NP,19130796030005874273450,DBIT,PR,BILLED,GBP,false,5247
2026-01-30,2026-02-01,20.00,The Courtyard,Sidmouth,GBR,EX10 8EE,19130796030005877753326,DBIT,PR,BILLED,GBP,false,5247
2026-01-30,2026-02-01,1744.58,Jurassic Vets,Sidmouth,GBR,EX10 9UU,82308166030604372311661,DBIT,PR,BILLED,GBP,false,5247
2026-01-29,2026-01-29,3328.20,PAYMENT RECEIVED,,,,VMOF00AKC0QIJ3BGMT500,CRDT,PY,BILLED,GBP,false,5247
2026-01-29,2026-01-30,2.99,APPLE.COM/BILL,CORK,IRL,UNKNOWN,55204726029208589956139,DBIT,PR,BILLED,GBP,false,5247
2026-01-29,2026-01-30,2.93,CONNECTED KERB,LONDON,GBR,EC4A 1BL,85383906029500039768942,DBIT,PR,BILLED,GBP,false,5247
2026-01-29,2026-01-30,48.75,W M MORRISON STORE,WEYMOUTH,GBR,DT35AX,85481476030805394391244,DBIT,PR,BILLED,GBP,false,5247
2026-01-29,2026-01-30,2.30,QUEEN ANNE TERRACE CAR,CAMBRIDGE,GBR,CB1 1ND,55504436029081109730653,DBIT,PR,BILLED,GBP,false,5247
2026-01-29,2026-01-30,22.77,WELCOME BREAK,FLEET,GBR,GU51 1AA,05272466030910037709968,DBIT,PR,BILLED,GBP,false,5247
2026-01-29,2026-01-30,17.20,WELCOME BREAK-FLEET SO,FLEET SOUTH,GBR,GU51 1AA,05272476030910061446536,DBIT,PR,BILLED,GBP,false,5247
2026-01-28,2026-01-29,25.00,CAMBRIDGE AUDI,CAMBRIDGE,GBR,CB22 3AY,55504436028110266096193,DBIT,PR,BILLED,GBP,false,5247
2026-01-28,2026-01-29,9.23,TESCO STORES 2656,CAMBRIDGE,GBR,CB1 2GE,05272476029910022520737,DBIT,PR,BILLED,GBP,false,5247
2026-01-27,2026-01-28,30.00,GRIDSERVE UK OMM LTD,IVER,GBR,SL09AQ,85383906027500036343154,DBIT,PR,BILLED,GBP,false,5247
2026-01-27,2026-01-28,9.73,GRIDSERVE UK OMM LTD,IVER,GBR,SL09AQ,85383906027500038397067,DBIT,PR,BILLED,GBP,false,5247
2026-01-27,2026-01-28,309.98,SIMPLEONLINEPHARMACY,GLASGOW,GBR,G40 3PA,85383906027500046363754,DBIT,PR,BILLED,GBP,false,5247
2026-01-27,2026-01-28,1.90,WORTHING BOROUGH ON ST,WORTHING,GBR,BN11 1HB,15122626028000770358274,DBIT,PR,BILLED,GBP,false,5247
2026-01-27,2026-01-28,10.99,AMZNMktplace*MQ72K3B35,LONDON,GBR,EC2A 2FA,52718716027208033147441,DBIT,PR,BILLED,GBP,false,5247
2026-01-27,2026-01-28,20.26,PAYPAL *NETFLIX.COM,4029357733,USA,950327620,82147126027603097105675,DBIT,PR,BILLED,GBP,false,5247
2026-01-24,2026-01-25,466.00,LondonTheatre.co.uk,London,GBR,EC4A 1EN,17979676024001264456227,DBIT,PR,BILLED,GBP,false,5247
2026-01-24,2026-01-25,14.19,ITSU 067 CAMBRIDGE,CAMBRIDGE,GBR,CB2 3HG,55541966025062010865320,DBIT,PR,BILLED,GBP,false,5247
2026-01-24,2026-01-25,4.50,CAMBRIDGESHIRE COUNTY,PARKING,GBR,RG24 8YB,55504436024083152990007,DBIT,PR,BILLED,GBP,false,5247
2026-01-22,2026-01-23,38.00,THE KIMONO NAIL STUDIO,CAMBRIDGE,GBR,CB21EG,85383906022500050112688,DBIT,PR,BILLED,GBP,false,5247
2026-01-22,2026-01-23,99.10,WWW.SOUTH-STAFFS-WATER,01922618176,GBR,WS2 7PD,55504436022295328750865,DBIT,PR,BILLED,GBP,false,5247
2026-01-22,2026-01-23,4.60,QUEEN ANNE TERRACE CAR,CAMBRIDGE,GBR,CB1 1ND,55504436022081130915304,DBIT,PR,BILLED,GBP,false,5247
2026-01-21,2026-01-22,17.40,Starbucks 68868,Portland,GBR,DT5 1SA,17979676021000988643063,DBIT,PR,BILLED,GBP,false,5247
2026-01-21,2026-01-22,152.84,Costco Wholesale #129,STEVENAGE,GBR,SG1 2EH,85207496021602971301262,DBIT,PR,BILLED,GBP,false,5247
2026-01-20,2026-01-21,3.40,CO-OP GROUP 160079,Fortuneswell,GBR,DT51LY,85481476021802984244264,DBIT,PR,BILLED,GBP,false,5247
2026-01-19,2026-01-19,25.00,NESPRESSO UK LIMITED,GATWICK,GBR,RH6 0PA,17979676019000600259045,DBIT,PR,BILLED,GBP,false,5247
2026-01-18,2026-01-19,1.60,AMAZON UK* BP52Q5VC5,LONDON,GBR,EC2A 2FA,85383906019500002667529,DBIT,PR,BILLED,GBP,false,5247
2026-01-18,2026-01-19,16.71,AMAZON* R76ZD39Q5,LONDON,GBR,EC2A 2FA,85383906019500007967734,DBIT,PR,BILLED,GBP,false,5247
2026-01-18,2026-01-19,15.99,AMAZON* V80UO3VP5,LONDON,GBR,EC2A 2FA,85383906019500001198476,DBIT,PR,BILLED,GBP,false,5247
2026-01-17,2026-01-20,21.00,TFL BUSINESS BOPS WEB,0343 222 2222,GBR,SE1 8NJ,85481476019802667044290,DBIT,PR,BILLED,GBP,false,5247
2026-01-17,2026-01-18,17.58,AMZNMktplace*R562R36R5,LONDON,GBR,EC2A 2FA,52718716017204695477483,DBIT,PR,BILLED,GBP,false,5247
2026-01-17,2026-01-18,10.12,AMAZON UK* A18XC3D35,LONDON,GBR,EC2A 2FA,85383906018500000388384,DBIT,PR,BILLED,GBP,false,5247
2026-01-16,2026-01-18,658.74,CLARENDON STREET VETER,CAMBRIDGE,GBR,CB1 1JX,85481476016801857189413,DBIT,PR,BILLED,GBP,false,5247
2026-01-16,2026-01-18,11.05,Osprey Charging Networ,Canterbury,GBR,CT1 3DN,17979676016002250411093,DBIT,PR,BILLED,GBP,false,5247
2026-01-16,2026-01-18,9.00,BAYNARD HOUSE CAR PARK,LONDON EC4V,GBR,EC2P 2EJ,55541966017031010029914,DBIT,PR,BILLED,GBP,false,5247
2026-01-16,2026-01-18,3.10,CAMBRIDGESHIRE COUNTY,PARKING,GBR,RG24 8YB,55504436016083164281734,DBIT,PR,BILLED,GBP,false,5247
2026-01-16,2026-01-18,9.25,POST OFFICE SELF SERVE,CAMBRIDGE,GBR,CB2 3BZ,05272476017910043370215,DBIT,PR,BILLED,GBP,false,5247
2026-01-16,2026-01-18,18.67,AMAZON* T943R2XF5,LONDON,GBR,EC2A 2FA,85383906016500051895065,DBIT,PR,BILLED,GBP,false,5247
2026-01-15,2026-01-16,39.99,AMAZON* 5I3JJ5X55,LONDON,GBR,EC2A 2FA,85383906015500046801708,DBIT,PR,BILLED,GBP,false,5247
2026-01-15,2026-01-16,75.00,PSI SERVICES UK LTD,YATELEY,GBR,GU46 7RJ,15122626016002796010065,DBIT,PR,BILLED,GBP,false,5247
2026-01-15,2026-01-16,95.50,FCDO,LONDON,GBR,SW1A 2AH,05272476016910013925072,DBIT,PR,BILLED,GBP,false,5247
2026-01-14,2026-01-15,126.35,CLARENDON STREET VETER,CAMBRIDGE,GBR,CB1 1JX,85481476014801325358196,DBIT,PR,BILLED,GBP,false,5247
2026-01-14,2026-01-15,12.00,SQ *THE QUEEN EDITH PU,Cambridge,GBR,CB1 8QN,02708966014351576281707,DBIT,PR,BILLED,GBP,false,5247
2026-01-14,2026-01-15,6.90,QUEEN ANNE TERRACE CAR,CAMBRIDGE,GBR,CB1 1ND,55504436014081141505623,DBIT,PR,BILLED,GBP,false,5247
2026-01-14,2026-01-15,25.75,AMAZON* Z78045KR4,LONDON,GBR,EC2A 2FA,85383906015500002663191,DBIT,PR,BILLED,GBP,false,5247
2026-01-13,2026-01-14,16.14,DELIVEROO,LONDON,GBR,EC4R 3TE,85383906013500031419518,DBIT,PR,BILLED,GBP,false,5247
2026-01-13,2026-01-14,49.39,PETS AT HOME LIMITED R,HANDFORTH,GBR,SK9 3RN,05272466014910008327832,DBIT,PR,BILLED,GBP,false,5247
2026-01-12,2026-01-13,74.99,Costco Online UK Limit,Watford,GBR,WD25 8JS,85207496012601740578300,DBIT,PR,BILLED,GBP,false,5247
2026-01-12,2026-01-13,96.09,DELIVEROO,LONDON,GBR,EC4R 3TE,85383906013500002768562,DBIT,PR,BILLED,GBP,false,5247
2026-01-11,2026-01-12,3.16,AMAZON UK* Z73G57NB4,LONDON,GBR,EC2A 2FA,85383906011500022884698,DBIT,PR,BILLED,GBP,false,5247
2026-01-11,2026-01-12,2.55,AMAZON UK* Z77QU4ZK4,LONDON,GBR,EC2A 2FA,85383906011500020005528,DBIT,PR,BILLED,GBP,false,5247
2026-01-09,2026-01-11,11.87,AMAZON UK* ZC0Y74KW4,LONDON,GBR,EC2A 2FA,85383906009500023341072,DBIT,PR,BILLED,GBP,false,5247
2026-01-09,2026-01-11,2.69,AMAZON UK* ZC2AW3KR4,LONDON,GBR,EC2A 2FA,85383906009500023121839,DBIT,PR,BILLED,GBP,false,5247
2026-01-09,2026-01-11,6.85,AMAZON UK* ZC3AM7K94,LONDON,GBR,EC2A 2FA,85383906009500023341650,DBIT,PR,BILLED,GBP,false,5247
2026-01-09,2026-01-11,3.98,AMAZON UK* ZC44M72A4,LONDON,GBR,EC2A 2FA,85383906009500023062926,DBIT,PR,BILLED,GBP,false,5247
2026-01-09,2026-01-11,12.80,AMAZON UK* ZC7AE7KW4,LONDON,GBR,EC2A 2FA,85383906009500023351535,DBIT,PR,BILLED,GBP,false,5247
2026-01-09,2026-01-11,12.04,AMAZON UK* ZC74C92N4,LONDON,GBR,EC2A 2FA,85383906009500023321124,DBIT,PR,BILLED,GBP,false,5247
2026-01-09,2026-01-11,19.50,AMAZON* ZC0YJ2KZ4,LONDON,GBR,EC2A 2FA,85383906009500023241942,DBIT,PR,BILLED,GBP,false,5247
2026-01-09,2026-01-11,11.69,AMAZON* ZC2YD5K54,LONDON,GBR,EC2A 2FA,85383906009500023111848,DBIT,PR,BILLED,GBP,false,5247
2026-01-09,2026-01-11,16.99,AMAZON* ZC5AQ5KO4,LONDON,GBR,EC2A 2FA,85383906009500023351089,DBIT,PR,BILLED,GBP,false,5247
2026-01-09,2026-01-11,18.34,AMAZON* ZC64F82V4,LONDON,GBR,EC2A 2FA,85383906009500023301548,DBIT,PR,BILLED,GBP,false,5247
2026-01-09,2026-01-11,7.16,AMAZON* ZC8YJ8KE4,LONDON,GBR,EC2A 2FA,85383906009500023191709,DBIT,PR,BILLED,GBP,false,5247
2026-01-09,2026-01-11,6.35,Amazon.co.uk*ZC3ON4K34,LONDON,GBR,EC2A 2FA,52718716009201949801252,DBIT,PR,BILLED,GBP,false,5247
2026-01-09,2026-01-11,22.71,AMAZON* ZD5FC10Y4,LONDON,GBR,EC2A 2FA,85383906010500019350290,CRDT,PR,BILLED,GBP,false,5247
2026-01-07,2026-01-07,63.26,PAYMENT DD - THANK YOU,,,,,CRDT,PY,BILLED,GBP,false,5247
2026-01-07,2026-01-08,36.71,AMAZON* ZC1DT1X84,LONDON,GBR,EC2A 2FA,85383906007500030501033,DBIT,PR,BILLED,GBP,false,5247
2026-01-07,2026-01-08,70.96,AMAZON* ZC8RN2XL4,LONDON,GBR,EC2A 2FA,85383906007500032366815,DBIT,PR,BILLED,GBP,false,5247
2026-01-07,2026-01-08,18.00,AMZNMktplace,LONDON,GBR,EC2A 2FA,52718716007201257407454,CRDT,PR,BILLED,GBP,false,5247
2026-01-07,2026-01-08,18.00,AMZNMktplace,LONDON,GBR,EC2A 2FA,52718716007201262242193,CRDT,PR,BILLED,GBP,false,5247
2026-01-06,2026-01-07,324.98,SIMPLEONLINEPHARMACY,GLASGOW,GBR,G40 3PA,85383906006500021931307,DBIT,PR,BILLED,GBP,false,5247
2026-01-06,2026-01-07,4.50,CAMBRIDGESHIRE COUNTY,PARKING,GBR,RG24 8YB,55504436006083153152641,DBIT,PR,BILLED,GBP,false,5247
2026-01-06,2026-01-07,28.00,THE KIMONO NAIL STUDIO,CAMBRIDGE,GBR,CB21EG,85383906006500037520680,DBIT,PR,BILLED,GBP,false,5247
2026-01-06,2026-01-07,5.99,Prime Video*ZC69F6AO4,LONDON,GBR,EC2A 2FA,52718776006201028544572,DBIT,PR,BILLED,GBP,false,5247
2026-01-05,2026-01-06,2.69,AMAZON UK* ZC1P22CW4,LONDON,GBR,EC2A 2FA,85383906005500027698919,DBIT,PR,BILLED,GBP,false,5247
2026-01-05,2026-01-06,5.00,ALTERNALEAF,BERKSHIRE,GBR,RG41 5RB,85383906005500035277318,DBIT,PR,BILLED,GBP,false,5247
2026-01-04,2026-01-05,16.65,Starbucks 68868,Portland,GBR,DT5 1SA,17979676004001020612067,DBIT,PR,BILLED,GBP,false,5247
2026-01-04,2026-01-05,191.17,Costco Wholesale #124,SOUTHAMPTON,GBR,SO15 8TA,85207496004600525692153,DBIT,PR,BILLED,GBP,false,5247
2026-01-04,2026-01-05,4.75,WELCOME BREAK-FLEET NO,FLEET NORTH,GBR,GU51 1AA,05272466005910053698906,DBIT,PR,BILLED,GBP,false,5247
2026-01-03,2026-01-04,39.99,AMZNMktplace,LONDON,GBR,EC2A 2FA,52718716003202774494441,CRDT,PR,BILLED,GBP,false,5247
2026-01-03,2026-01-04,58.50,URBANOUTFITTERS.COM,URBN,GBR,E1 6RU,75327556004713463002009,CRDT,PR,BILLED,GBP,false,5247
2026-01-02,2026-01-04,5.00,THE KIMONO NAIL STUDIO,CAMBRIDGE,GBR,CB21EG,85383906003500003596667,DBIT,PR,BILLED,GBP,false,5247
2026-01-01,2026-01-02,4.99,Prime Video Rent / Buy,LONDON,GBR,EC2A 2FA,52718776001202145651980,DBIT,PR,BILLED,GBP,false,5247
2026-01-01,2026-01-02,19.99,WWW.DAZN.COM,dazn.com,GBR,TW13 7BZ,17979676001000208805223,DBIT,PR,BILLED,GBP,false,5247
2025-12-30,2025-12-31,9.83,AMAZON* ZG0CD7CT4,LONDON,GBR,EC2A 2FA,85383905364500029479307,DBIT,PR,BILLED,GBP,false,5247
2025-12-30,2025-12-31,6.79,AMAZON* Z57KV0YX4,LONDON,GBR,EC2A 2FA,85383905364500027225942,DBIT,PR,BILLED,GBP,false,5247
2025-12-27,2025-12-29,20.50,PAYPAL *NETFLIX.COM,4029357733,USA,950327620,82147125362551012593498,DBIT,PR,BILLED,GBP,false,5247
2025-12-26,2025-12-26,5927.00,PAYMENT RECEIVED,,,,VMOFGW5UXHHU7DZW60Y00,CRDT,PY,BILLED,GBP,false,5247
2025-12-25,2025-12-26,50.39,SHELL EV CHARGING SOLU,LONDON,GBR,WC2E 7HA,55184225359503606126576,DBIT,PR,BILLED,GBP,false,5247
2025-12-25,2025-12-26,20.00,INSTAVOLT LIMITED,Basingstoke,GBR,RG24 8WD,72702385359070353006500,DBIT,PR,BILLED,GBP,false,5247
2025-12-25,2025-12-28,1.99,APPLE.COM/BILL,CORK,IRL,T23YK84,85377435360551973493570,DBIT,PR,BILLED,GBP,false,5247
2025-12-24,2025-12-25,39.99,AMAZON* ZD2YQ6YY4,LONDON,GBR,EC2A 2FA,85383905358500022398304,DBIT,PR,BILLED,GBP,false,5247
2025-12-24,2025-12-25,23.80,Amazon.co.uk,LONDON,GBR,EC1A 2FD,52718775358209564037451,DBIT,PR,BILLED,GBP,false,5247
2025-12-23,2025-12-24,8.50,AMAZON UK* ZD88299H4,LONDON,GBR,EC2A 2FA,85383905357500030504456,DBIT,PR,BILLED,GBP,false,5247
2025-12-23,2025-12-24,9.99,AMAZON* ZD29E7US4,LONDON,GBR,EC2A 2FA,85383905357500030642512,DBIT,PR,BILLED,GBP,false,5247
2025-12-23,2025-12-24,12.90,AMAZON* ZD6805954,LONDON,GBR,EC2A 2FA,85383905357500030702282,DBIT,PR,BILLED,GBP,false,5247
2025-12-23,2025-12-24,30.20,AMZNMktplace*ZD58W3UG4,LONDON,GBR,EC2A 2FA,52718715357209232030315,DBIT,PR,BILLED,GBP,false,5247
2025-12-23,2025-12-24,13.82,WWW.SOUTH-STAFFS-WATER,01922618176,GBR,WS2 7PD,55504435357295317886925,DBIT,PR,BILLED,GBP,false,5247
2025-12-22,2025-12-23,49.98,your-saving.com,London,GBR,W1T 7RQ,05184895356171087869987,DBIT,PR,BILLED,GBP,false,5247
2025-12-22,2025-12-23,36.54,AMZNMktplace*ZD8YJ98H4,LONDON,GBR,EC2A 2FA,52718715356208836539839,DBIT,PR,BILLED,GBP,false,5247
2025-12-22,2025-12-23,39.99,AMZNMktplace*ZD93J2BP4,LONDON,GBR,EC2A 2FA,52718715356208817207778,DBIT,PR,BILLED,GBP,false,5247
2025-12-21,2025-12-22,11.04,AMAZON UK* ZD6JL21K4,LONDON,GBR,EC2A 2FA,85383905355500023245739,DBIT,PR,BILLED,GBP,false,5247
2025-12-21,2025-12-22,14.43,AMAZON* ZD1T36174,LONDON,GBR,EC2A 2FA,85383905355500023691304,DBIT,PR,BILLED,GBP,false,5247
2025-12-21,2025-12-22,25.70,AMAZON* ZD5FC10Y4,LONDON,GBR,EC2A 2FA,85383905355500018455327,DBIT,PR,BILLED,GBP,false,5247
2025-12-21,2025-12-22,125.56,Costco Wholesale #124,SOUTHAMPTON,GBR,SO15 8TA,85207495355550224487628,DBIT,PR,BILLED,GBP,false,5247
2025-12-21,2025-12-23,21.75,STARBUCKS STEVENAGE,STEVANAGE,GBR,SG1 2FS,55184225356583566065736,DBIT,PR,BILLED,GBP,false,5247
2025-12-20,2025-12-21,95.00,Amazon Prime*ZD00Z6F84,LONDON,GBR,EC2A 2FA,52718775354208013249539,DBIT,PR,BILLED,GBP,false,5247
2025-12-20,2025-12-21,91.00,CRAFTYMONK* CRAFTYMONK,ST. NEOTS,GBR,PE19 1AG,85383905354500024682253,DBIT,PR,BILLED,GBP,false,5247
2025-12-20,2025-12-21,200.64,Six Restaurant,Cambridge,GBR,CB5 8AQ,29130795354005390222881,DBIT,PR,BILLED,GBP,false,5247
2025-12-20,2025-12-21,3.00,CAMBRIDGE CITY COUNCIL,CAMBRIDGE,GBR,CB5 8AS,55504435354081190905609,DBIT,PR,BILLED,GBP,false,5247
2025-12-20,2025-12-21,6.18,BLINK CHARGING PAYMENT,ST ALBANS,GBR,AL1 3AW,55184225354513557543096,DBIT,PR,BILLED,GBP,false,5247
2025-12-20,2025-12-22,0.40,MIPERMIT LTD,CHIPPENHAM,GBR,SN15 5FD,05272465356910007537371,DBIT,PR,BILLED,GBP,false,5247
2025-12-20,2025-12-22,1.60,MIPERMIT LTD,CHIPPENHAM,GBR,SN15 5FD,05272465356910007567006,DBIT,PR,BILLED,GBP,false,5247
2025-12-19,2025-12-19,25.00,NESPRESSO UK LIMITED,GATWICK,GBR,RH6 0PA,17979675353000200584046,DBIT,PR,BILLED,GBP,false,5247
2025-12-19,2025-12-21,5.50,CAMBRIDGESHIRE COUNTY,PARKING,GBR,RG24 8YB,55504435353083174393936,DBIT,PR,BILLED,GBP,false,5247
2025-12-19,2025-12-21,17.45,THE LIGHT CINEMAS,Cambridge,GBR,CB17DY,22704585353020603149075,DBIT,PR,BILLED,GBP,false,5247
2025-12-19,2025-12-21,1.50,THE LIGHT CINEMAS,Cambridge,GBR,CB17DY,22704585353020603149778,DBIT,PR,BILLED,GBP,false,5247
2025-12-19,2025-12-21,3.00,THE LIGHT CINEMAS,Cambridge,GBR,CB17DY,22704585353020603151279,DBIT,PR,BILLED,GBP,false,5247
2025-12-18,2025-12-19,17.65,TESCO STORES 2555,FULBOURN,GBR,CB1 9BF,05272475353910010918560,DBIT,PR,BILLED,GBP,false,5247
